Corpus 1,Corpus 2,value
A1,A1,0.0
A2,A1,0.0044864153703360575
A3,A1,0.005042988915357457
A4,A1,0.005288021626068498
A5,A1,0.004899287662084878
A6,A1,0.004726256517857959
A7,A1,0.004804644792150717
A8,A1,0.0049961698475781266
B1,A1,0.004128670436890546
B2,A1,0.005339668027922217
B3,A1,0.005463654697155951
B4,A1,0.005393414936785834
B5,A1,0.005374184815904471
B6,A1,0.005242514421598326
B7,A1,0.005303697548531829
B8,A1,0.005491928301112439
C1,A1,0.0077460481528228145
C2,A1,0.007719387475290037
C3,A1,0.00843425658882276
C4,A1,0.008179694216226588
C5,A1,0.007864537288450813
C6,A1,0.006778059441220613
C7,A1,0.007123958953591254
C8,A1,0.007644352616354916
D1,A1,0.007540379783778462
D2,A1,0.008329067143582112
D3,A1,0.008295987993655031
D4,A1,0.007709528592298101
D5,A1,0.007686975612293269
D6,A1,0.00759646365911284
D7,A1,0.007408967935610913
D8,A1,0.0069160212750805005
E1,A1,0.007485792356159077
E2,A1,0.007628226114011406
E3,A1,0.00727930281624929
E4,A1,0.007570130327800109
E5,A1,0.9987758141385079
E6,A1,0.00746402617796153
E7,A1,0.007243634858930883
E8,A1,0.007613964327492657
F1,A1,0.008996118161589432
F2,A1,0.009912601263958029
F3,A1,0.010331712441267668
F4,A1,0.00909407195638509
F5,A1,0.00917245226449273
F6,A1,0.007799056066105761
F7,A1,0.007734555716414604
F8,A1,0.008619246331239089
A2,A2,0.0
A3,A2,0.0008839652748138143
A4,A2,0.0009637961472740348
A5,A2,0.0007734667976666624
A6,A2,0.0018173504686309458
A7,A2,0.0012735694297140515
A8,A2,0.0014050751837688033
B1,A2,0.0019116983202193284
B2,A2,0.0017324908651407804
B3,A2,0.002382453050363761
B4,A2,0.002020053294974685
B5,A2,0.0020296407417861617
B6,A2,0.001777728653505986
B7,A2,0.0018758502945561647
B8,A2,0.0026347254022316916
C1,A2,0.006210370002768718
C2,A2,0.005603093799898657
C3,A2,0.0065776068680650735
C4,A2,0.006149544063049209
C5,A2,0.005995619519311727
C6,A2,0.004613089787494975
C7,A2,0.005231660688236789
C8,A2,0.006033402808707004
D1,A2,0.0059089124511194436
D2,A2,0.006424719951461917
D3,A2,0.00639587534710318
D4,A2,0.005480380366168611
D5,A2,0.005528537755372708
D6,A2,0.005401467679977622
D7,A2,0.005204787333082667
D8,A2,0.004827118924889743
E1,A2,0.005465128057913438
E2,A2,0.005418999591257381
E3,A2,0.004859589174668559
E4,A2,0.005333477223727373
E5,A2,0.9996874667854926
E6,A2,0.005153686204634844
E7,A2,0.004872106090460761
E8,A2,0.00566372327726774
F1,A2,0.008225855643584001
F2,A2,0.008578065831147542
F3,A2,0.008985196325395245
F4,A2,0.007544206601066874
F5,A2,0.007502250151579572
F6,A2,0.005806716330756473
F7,A2,0.005790641665758422
F8,A2,0.007100261958381859
A3,A3,0.0
A4,A3,0.0008934733366390707
A5,A3,0.0005483752230705164
A6,A3,0.0019564426154400384
A7,A3,0.001259971495348732
A8,A3,0.0010365092380964797
B1,A3,0.0017953314071798058
B2,A3,0.0012289877024941837
B3,A3,0.0018177824243122275
B4,A3,0.0014734798836216494
B5,A3,0.0014777776147244094
B6,A3,0.0012969541109482396
B7,A3,0.0013992087775128587
B8,A3,0.0021139140878519017
C1,A3,0.006124348133912452
C2,A3,0.005462468109693408
C3,A3,0.00644973821956203
C4,A3,0.006014097405060504
C5,A3,0.005824204154465733
C6,A3,0.004344125916771783
C7,A3,0.004925842220190192
C8,A3,0.005718008738504591
D1,A3,0.005797025666081567
D2,A3,0.006287226181458078
D3,A3,0.006290357742674812
D4,A3,0.005268766569803437
D5,A3,0.005372739919994634
D6,A3,0.005267545932471933
D7,A3,0.0050159428498157445
D8,A3,0.00450131731125239
E1,A3,0.005269265830902483
E2,A3,0.005196961238545451
E3,A3,0.00461957221244488
E4,A3,0.00506596311113572
E5,A3,0.9993467228287354
E6,A3,0.004922225743404328
E7,A3,0.004627579069524461
E8,A3,0.005382650626961721
F1,A3,0.00813551985460005
F2,A3,0.008412816252256632
F3,A3,0.008826463448811153
F4,A3,0.0073480307207436
F5,A3,0.0073308623264816
F6,A3,0.005608766326631484
F7,A3,0.0055720266215247664
F8,A3,0.006867006371104357
A4,A4,0.0
A5,A4,0.0008151443142588969
A6,A4,0.001970979739196819
A7,A4,0.0013732022074695945
A8,A4,0.0015173564387921592
B1,A4,0.002441633009595653
B2,A4,0.001741569076090544
B3,A4,0.002472495096293961
B4,A4,0.0020164930784204007
B5,A4,0.002047367094721972
B6,A4,0.0018200402581650483
B7,A4,0.0019155194998677837
B8,A4,0.0027078470579323445
C1,A4,0.006201723430508062
C2,A4,0.0054894403272605675
C3,A4,0.006475092962620394
C4,A4,0.006040792255104218
C5,A4,0.00592091547606147
C6,A4,0.004517402301660003
C7,A4,0.0051761334905367825
C8,A4,0.00599886368591714
D1,A4,0.005880293872590667
D2,A4,0.006284642605538253
D3,A4,0.006262971984891309
D4,A4,0.005357062080214536
D5,A4,0.0053898957921440765
D6,A4,0.0052005117297137075
D7,A4,0.0050323093025991155
D8,A4,0.004733149530571635
E1,A4,0.0054526345690231294
E2,A4,0.00538730237929718
E3,A4,0.004801908101280477
E4,A4,0.005281580294865799
E5,A4,1.0
E6,A4,0.005096522640040619
E7,A4,0.00483675095989944
E8,A4,0.00566893942119433
F1,A4,0.00844898574107576
F2,A4,0.008668481006976607
F3,A4,0.009049341263036
F4,A4,0.00760939207614359
F5,A4,0.007526019149339005
F6,A4,0.0058255857413360024
F7,A4,0.005856737529690102
F8,A4,0.0071727110012679025
A5,A5,0.0
A6,A5,0.001965799510408921
A7,A5,0.0012168255326673169
A8,A5,0.0011490813493417787
B1,A5,0.0018901180889478778
B2,A5,0.0014472493531947227
B3,A5,0.002085072671367722
B4,A5,0.0016996722708559743
B5,A5,0.001628276709002397
B6,A5,0.0015695945652087573
B7,A5,0.0015696119774545236
B8,A5,0.0022681347718680224
C1,A5,0.006101435441367667
C2,A5,0.005467584598152745
C3,A5,0.006438112332637203
C4,A5,0.006027403045559193
C5,A5,0.005816307406412807
C6,A5,0.004376247867404069
C7,A5,0.004972305038628382
C8,A5,0.005774885359539781
D1,A5,0.005786893964349094
D2,A5,0.006282770849019951
D3,A5,0.006267564416679918
D4,A5,0.005334670182550658
D5,A5,0.005386331170808141
D6,A5,0.005269638865354137
D7,A5,0.005020610417467924
D8,A5,0.0045372912762251
E1,A5,0.005361432531420138
E2,A5,0.005312085807046761
E3,A5,0.004730577173581972
E4,A5,0.005210799217288685
E5,A5,0.9996059266641238
E6,A5,0.005027503727638947
E7,A5,0.0047703805457214605
E8,A5,0.0054818577999039275
F1,A5,0.008204429527092653
F2,A5,0.008496136199172385
F3,A5,0.008895718229953201
F4,A5,0.007455988266191503
F5,A5,0.0074213064611234605
F6,A5,0.005711894677256286
F7,A5,0.005689954143097242
F8,A5,0.006955083257810665
A6,A6,0.0
A7,A6,0.0010569671478257128
A8,A6,0.0018974690651406812
B1,A6,0.0026880162062030174
B2,A6,0.002634944559322997
B3,A6,0.0029869496522853204
B4,A6,0.0027231382207726336
B5,A6,0.0028516502308468606
B6,A6,0.00197768186925085
B7,A6,0.0025182343861719025
B8,A6,0.003143658988174648
C1,A6,0.005596713689468126
C2,A6,0.004865161031632753
C3,A6,0.0059683900271951746
C4,A6,0.005583707661274374
C5,A6,0.005391232990347814
C6,A6,0.0034910961047584506
C7,A6,0.004230192853007947
C8,A6,0.005042440066930427
D1,A6,0.0051847489387597005
D2,A6,0.005367622547147266
D3,A6,0.005659040566638804
D4,A6,0.0045814680631364865
D5,A6,0.0046005226252599325
D6,A6,0.00395409691304245
D7,A6,0.003896051173923983
D8,A6,0.0038333443205489912
E1,A6,0.0059703432975665984
E2,A6,0.006025478859234542
E3,A6,0.005514456337705105
E4,A6,0.005793682854692043
E5,A6,0.9996050013023647
E6,A6,0.0055301337774983535
E7,A6,0.005308999619042465
E8,A6,0.006164123436302213
F1,A6,0.00942848755368916
F2,A6,0.009686010942700331
F3,A6,0.010056261081775838
F4,A6,0.00847566412395533
F5,A6,0.008433963490047158
F6,A6,0.006552970600628621
F7,A6,0.006698916532596852
F8,A6,0.007878666987919062
A7,A7,0.0
A8,A7,0.0011236410747675685
B1,A7,0.00206263359007728
B2,A7,0.0018088780888450113
B3,A7,0.0022635938440559687
B4,A7,0.0019216131039902396
B5,A7,0.0020052195472335505
B6,A7,0.0013715776795496018
B7,A7,0.0016673395713245563
B8,A7,0.002337009028812155
C1,A7,0.00551788905359313
C2,A7,0.004844714987887249
C3,A7,0.005884875692840067
C4,A7,0.0055103825214051
C5,A7,0.005255668161392863
C6,A7,0.00358855173761667
C7,A7,0.004236562688412346
C8,A7,0.005043302464793763
D1,A7,0.005145615358872132
D2,A7,0.005501309318018595
D3,A7,0.005665758622819538
D4,A7,0.0046231302100684935
D5,A7,0.004693164225186256
D6,A7,0.0044038238783395646
D7,A7,0.004189592396645426
D8,A7,0.0038541075369638
E1,A7,0.005718636931950172
E2,A7,0.005690431874989832
E3,A7,0.005134556641694954
E4,A7,0.005530153229093574
E5,A7,0.9994294784979632
E6,A7,0.005283110535135457
E7,A7,0.005047600746779399
E8,A7,0.005753739404674916
F1,A7,0.008913776129588534
F2,A7,0.009140303775444853
F3,A7,0.00952347623982628
F4,A7,0.007988705739956376
F5,A7,0.00800142111528664
F6,A7,0.006161163705562712
F7,A7,0.00623126507768101
F8,A7,0.007383744619174388
A8,A8,0.0
B1,A8,0.0016204080028776307
B2,A8,0.0011874274964988945
B3,A8,0.0015549521920415923
B4,A8,0.0012669720467681097
B5,A8,0.0013202912634255658
B6,A8,0.0009681216598508219
B7,A8,0.0010118270545228668
B8,A8,0.0016180224549422989
C1,A8,0.005656403302195815
C2,A8,0.005124562977109396
C3,A8,0.006058404798929418
C4,A8,0.005658433726861722
C5,A8,0.0053920896320956944
C6,A8,0.003955130199059693
C7,A8,0.004507617619156278
C8,A8,0.005224126997178284
D1,A8,0.005332671947070557
D2,A8,0.0059303401945939565
D3,A8,0.005940436098116813
D4,A8,0.004905235309158772
D5,A8,0.005028768833328444
D6,A8,0.00506786984644156
D7,A8,0.004765543319998396
D8,A8,0.004142705856680457
E1,A8,0.005667021209860345
E2,A8,0.00557428907556995
E3,A8,0.0049359704857640935
E4,A8,0.0054399299648683515
E5,A8,0.9988557780671229
E6,A8,0.0052510130272762105
E7,A8,0.004982246736007924
E8,A8,0.005517181486272229
F1,A8,0.00838629145573829
F2,A8,0.00865514866313491
F3,A8,0.009053365666895203
F4,A8,0.0075871263960502495
F5,A8,0.0076575410858390055
F6,A8,0.005892921366424625
F7,A8,0.005866952566436196
F8,A8,0.006991041379011001
B1,B1,0.0
B2,B1,0.0015367835895003406
B3,B1,0.0014736616708669605
B4,B1,0.001458352353419693
B5,B1,0.0014532328645141532
B6,B1,0.001710918017946782
B7,B1,0.0015587586467930145
B8,B1,0.0016208125058904635
C1,B1,0.006236399876661071
C2,B1,0.005838823807140383
C3,B1,0.006741621604132961
C4,B1,0.0063759848434097625
C5,B1,0.0060040989691478724
C6,B1,0.004475418798222839
C7,B1,0.004835053576347388
C8,B1,0.005486867388607928
D1,B1,0.005928905585935627
D2,B1,0.006649258065113081
D3,B1,0.006688569673280573
D4,B1,0.005603408174717461
D5,B1,0.005807569811299449
D6,B1,0.005830981687532267
D7,B1,0.005444365477779869
D8,B1,0.004559242719872546
E1,B1,0.005458457989408969
E2,B1,0.005382411996323874
E3,B1,0.004897279899663321
E4,B1,0.0052717293272066205
E5,B1,0.9980997145333687
E6,B1,0.0051947382704416525
E7,B1,0.004875538533644908
E8,B1,0.005309745004126711
F1,B1,0.00773412970328327
F2,B1,0.008213065512112478
F3,B1,0.008699352956604761
F4,B1,0.007204917203237828
F5,B1,0.00736371402905716
F6,B1,0.005666262693125578
F7,B1,0.005497283909563368
F8,B1,0.006611560435855632
B2,B2,0.0
B3,B2,0.0009991123021738167
B4,B2,0.0005931880689786965
B5,B2,0.0006436546293993481
B6,B2,0.0011102929010385944
B7,B2,0.0007277409313016809
B8,B2,0.0012903604247300805
C1,B2,0.005850520349658171
C2,B2,0.005322606338793231
C3,B2,0.006203257216076664
C4,B2,0.00579405061675216
C5,B2,0.005537118344684583
C6,B2,0.004359809765684717
C7,B2,0.004795836231325386
C8,B2,0.005488735860995971
D1,B2,0.005536991007379724
D2,B2,0.006217406945041997
D3,B2,0.006140297521638181
D4,B2,0.005091364021584125
D5,B2,0.005286568923334962
D6,B2,0.005594283875240572
D7,B2,0.00523657562884762
D8,B2,0.004472967351075905
E1,B2,0.005492522289082298
E2,B2,0.005324440072742314
E3,B2,0.004654949347680393
E4,B2,0.005258186874560567
E5,B2,0.9985805437352026
E6,B2,0.0051470716838841225
E7,B2,0.004839591637614375
E8,B2,0.005250233254553812
F1,B2,0.007980105641962365
F2,B2,0.008172101542193081
F3,B2,0.00856460393173763
F4,B2,0.007139439075507191
F5,B2,0.007251789277040696
F6,B2,0.00564451078016312
F7,B2,0.005550457541971613
F8,B2,0.006610179246468223
B3,B3,0.0
B4,B3,0.0006658579945327563
B5,B3,0.0008184784938471067
B6,B3,0.0012527611974644285
B7,B3,0.0010542721631383923
B8,B3,0.0008670308794546173
C1,B3,0.005890696964321114
C2,B3,0.005430797098409472
C3,B3,0.006283038182256755
C4,B3,0.005896546213697015
C5,B3,0.005554183409023547
C6,B3,0.0042358752676593565
C7,B3,0.004552733248185873
C8,B3,0.00517055377228986
D1,B3,0.0055582518664735086
D2,B3,0.0062908096070800135
D3,B3,0.0062625587713988195
D4,B3,0.005089209014980929
D5,B3,0.005376132631205343
D6,B3,0.005697335276226039
D7,B3,0.005269472501554583
D8,B3,0.004283342692861829
E1,B3,0.005585771207648254
E2,B3,0.005412333681740343
E3,B3,0.004804599076157031
E4,B3,0.005305019212729322
E5,B3,0.9977705255272504
E6,B3,0.005239065476779915
E7,B3,0.004913744506730797
E8,B3,0.005234785184163403
F1,B3,0.007968485930810336
F2,B3,0.00820949140476694
F3,B3,0.008642094791709529
F4,B3,0.007165632596866869
F5,B3,0.0073682934754151636
F6,B3,0.005736385914601987
F7,B3,0.005568390127078356
F8,B3,0.0065765441735321966
B4,B4,0.0
B5,B4,0.0005571437124927065
B6,B4,0.0010907964682336179
B7,B4,0.0007668118273612758
B8,B4,0.0009982888754870836
C1,B4,0.00585769927041305
C2,B4,0.005350053416571353
C3,B4,0.006229714455166777
C4,B4,0.005840091493029064
C5,B4,0.005526133479925601
C6,B4,0.0041680176253001125
C7,B4,0.004557579632545497
C8,B4,0.0052261809788545785
D1,B4,0.0055234452701863725
D2,B4,0.006196094989733616
D3,B4,0.0061761655625802775
D4,B4,0.005060107312601768
D5,B4,0.005295653955118374
D6,B4,0.0055226408908675105
D7,B4,0.0051284491786595466
D8,B4,0.0042630061110258185
E1,B4,0.005495652515817756
E2,B4,0.005319718516600364
E3,B4,0.004686215339396097
E4,B4,0.005230877548929088
E5,B4,0.9982469606347633
E6,B4,0.00513429566929056
E7,B4,0.0048222572266920765
E8,B4,0.005195495773505874
F1,B4,0.008003903240962286
F2,B4,0.00820400017219675
F3,B4,0.00861877766493587
F4,B4,0.007149817163029976
F5,B4,0.0073048917387832915
F6,B4,0.005653065627490385
F7,B4,0.005536555101188389
F8,B4,0.006569465080490462
B5,B5,0.0
B6,B5,0.0013124179796716034
B7,B5,0.000837926945353131
B8,B5,0.0009493124093910584
C1,B5,0.005870578730530107
C2,B5,0.005373361531801688
C3,B5,0.006239013078645624
C4,B5,0.005871166267963315
C5,B5,0.005517789356253314
C6,B5,0.004208572264030057
C7,B5,0.004574468731239062
C8,B5,0.005241229471357102
D1,B5,0.005555998541303409
D2,B5,0.006234651710427161
D3,B5,0.006200704692812431
D4,B5,0.005133842471012358
D5,B5,0.005334916841321523
D6,B5,0.0055927223423944804
D7,B5,0.005166814692397273
D8,B5,0.004255829982524869
E1,B5,0.005484452976944999
E2,B5,0.005344515430543895
E3,B5,0.004701650187532777
E4,B5,0.005257771701606612
E5,B5,0.9983372843456553
E6,B5,0.0051462196239769106
E7,B5,0.004866893865249532
E8,B5,0.005179594210089921
F1,B5,0.007943513640100323
F2,B5,0.00815730784382037
F3,B5,0.00856336694691789
F4,B5,0.007138113284071995
F5,B5,0.007272435513373716
F6,B5,0.0056515850125717975
F7,B5,0.005528626726509359
F8,B5,0.006530380542235818
B6,B6,0.0
B7,B6,0.0008965984615565016
B8,B6,0.0015115563644824707
C1,B6,0.005615682757264542
C2,B6,0.005041365779692484
C3,B6,0.005998184343564493
C4,B6,0.005564055678054753
C5,B6,0.005326959931506466
C6,B6,0.00389844334453004
C7,B6,0.0044062914258675675
C8,B6,0.0051272782572032
D1,B6,0.005242560426516158
D2,B6,0.005844263877592171
D3,B6,0.00586767678498279
D4,B6,0.004705006116610708
D5,B6,0.004909747328424692
D6,B6,0.0050318016896435435
D7,B6,0.004733143571213815
D8,B6,0.004062173242256442
E1,B6,0.005503076125236582
E2,B6,0.0053713737364556365
E3,B6,0.004721662307822258
E4,B6,0.00523795716281618
E5,B6,0.9984818240038991
E6,B6,0.005080891650638352
E7,B6,0.004785018901624069
E8,B6,0.00528983443945765
F1,B6,0.008325254376249197
F2,B6,0.008507891385730753
F3,B6,0.008898531600567252
F4,B6,0.0073759235785495455
F5,B6,0.007488843036690292
F6,B6,0.0057504659147050875
F7,B6,0.005739563647568681
F8,B6,0.006806126475582981
B7,B7,0.0
B8,B7,0.0010252771250781451
C1,B7,0.0057061092880651984
C2,B7,0.005198385164814624
C3,B7,0.006089840327687299
C4,B7,0.00568923403662526
C5,B7,0.005398572650173811
C6,B7,0.004155064713013628
C7,B7,0.0045966929553051825
C8,B7,0.00527374982318029
D1,B7,0.005393853469283931
D2,B7,0.006072495868436423
D3,B7,0.00603571972887595
D4,B7,0.004968935236496433
D5,B7,0.005169053862001066
D6,B7,0.00543708435143376
D7,B7,0.0050644462975312846
D8,B7,0.004285505632436199
E1,B7,0.005495558573990995
E2,B7,0.0053125087122834445
E3,B7,0.004610262905070342
E4,B7,0.005250833976020406
E5,B7,0.9984772207719755
E6,B7,0.005091952790369293
E7,B7,0.004810199553481053
E8,B7,0.005109330245476715
F1,B7,0.008006176338516188
F2,B7,0.008161897819571932
F3,B7,0.008542682416272667
F4,B7,0.00709930502043682
F5,B7,0.007242968437531962
F6,B7,0.00558869883859091
F7,B7,0.005528008087954916
F8,B7,0.006495687854385497
B8,B8,0.0
C1,B8,0.005653532805691904
C2,B8,0.005258391618152451
C3,B8,0.0060739368276699676
C4,B8,0.005736699774339574
C5,B8,0.005305558473928592
C6,B8,0.004077645496782277
C7,B8,0.004354623602974511
C8,B8,0.00491878204244008
D1,B8,0.005344741901434809
D2,B8,0.0061024182689023345
D3,B8,0.006087330824245499
D4,B8,0.004983657742813457
D5,B8,0.005245035459288853
D6,B8,0.00564206176930698
D7,B8,0.005167645867523279
D8,B8,0.004108173751396668
E1,B8,0.005809274962661438
E2,B8,0.005636669964451449
E3,B8,0.004998053191621427
E4,B8,0.005540885620187677
E5,B8,0.997760999277066
E6,B8,0.005427435340727893
E7,B8,0.0051513043752944125
E8,B8,0.005277541738489845
F1,B8,0.008109523400079447
F2,B8,0.008312597777899234
F3,B8,0.008725362210036286
F4,B8,0.007292634242172443
F5,B8,0.007527675203856568
F6,B8,0.005886296006656777
F7,B8,0.005740267624124533
F8,B8,0.006597399508715396
C1,C1,0.0
C2,C1,0.0018906362774233187
C3,C1,0.0011515804622103268
C4,C1,0.0014568209257080657
C5,C1,0.001140694636487491
C6,C1,0.005109879716024772
C7,C1,0.005269951109174904
C8,C1,0.005276296092565206
D1,C1,0.0009758914848490141
D2,C1,0.002706942573820232
D3,C1,0.0016184111257147274
D4,C1,0.00239648850721456
D5,C1,0.002181297588482085
D6,C1,0.005798881750154786
D7,C1,0.005568411894451238
D8,C1,0.005367671760328902
E1,C1,0.010405268205653415
E2,C1,0.010295054544761548
E3,C1,0.009443988357498745
E4,C1,0.010200256120264138
E5,C1,0.9983379580078963
E6,C1,0.009915817807271125
E7,C1,0.009765243181933999
E8,C1,0.009705959618271375
F1,C1,0.012837014068555645
F2,C1,0.012848482532261634
F3,C1,0.012958090391459889
F4,C1,0.011820527752268334
F5,C1,0.012060318543069753
F6,C1,0.010610346254151623
F7,C1,0.010703376688463141
F8,C1,0.011108115521422256
C2,C2,0.0
C3,C2,0.0016443219503309234
C4,C2,0.0014008818898550038
C5,C2,0.0013607667335558081
C6,C2,0.004229442688176841
C7,C2,0.004509675192075438
C8,C2,0.004713886324489676
D1,C2,0.001959396117585149
D2,C2,0.0018326356463371203
D3,C2,0.0018546953329556125
D4,C2,0.0012826529286905626
D5,C2,0.0014334177174438938
D6,C2,0.004697023660766858
D7,C2,0.004520200510201277
D8,C2,0.004593191170113238
E1,C2,0.009621396749214594
E2,C2,0.009488573050872933
E3,C2,0.008758621639044019
E4,C2,0.009351253056443676
E5,C2,0.9990310765049156
E6,C2,0.009046601070709745
E7,C2,0.008897920785402412
E8,C2,0.009091166717511763
F1,C2,0.012543933744175558
F2,C2,0.012462999992044343
F3,C2,0.012628544231150587
F4,C2,0.011334378373853777
F5,C2,0.011500846949133428
F6,C2,0.009916197301398123
F7,C2,0.010030044891326731
F8,C2,0.010626882612449807
C3,C3,0.0
C4,C3,0.001085718036805805
C5,C3,0.0011148755665430516
C6,C3,0.0053289954013736205
C7,C3,0.005491891201391511
C8,C3,0.005517583700895928
D1,C3,0.0015538900601505933
D2,C3,0.0024514921980565373
D3,C3,0.0011564077327432883
D4,C3,0.0022652164373811387
D5,C3,0.002033592846664965
D6,C3,0.0058523624400216075
D7,C3,0.005651796970027631
D8,C3,0.005582604257776854
E1,C3,0.01069507370218956
E2,C3,0.010563568178490648
E3,C3,0.009720413236744383
E4,C3,0.01047294898843945
E5,C3,0.9987349554587867
E6,C3,0.01017106523458343
E7,C3,0.010025142167213178
E8,C3,0.010025838075242637
F1,C3,0.013273747844560228
F2,C3,0.013198507756114261
F3,C3,0.013283594325553939
F4,C3,0.012153422489731384
F5,C3,0.012364089050222784
F6,C3,0.010930060574131721
F7,C3,0.011026663874859038
F8,C3,0.011458694895589885
C4,C4,0.0
C5,C4,0.0013420493898832057
C6,C4,0.005286619982292701
C7,C4,0.0055349927524711495
C8,C4,0.005666031336561664
D1,C4,0.0018627537404918703
D2,C4,0.002737512440239547
D3,C4,0.0016649560094793893
D4,C4,0.0020731298179987342
D5,C4,0.0020969339541073956
D6,C4,0.00581686944232093
D7,C4,0.005647651502354079
D8,C4,0.005596516277676649
E1,C4,0.010329731321745066
E2,C4,0.010154189047741813
E3,C4,0.009308163795830536
E4,C4,0.010069609314650705
E5,C4,0.9987898328138763
E6,C4,0.009785914454039205
E7,C4,0.009614356895593328
E8,C4,0.009677790982935922
F1,C4,0.012807771682600368
F2,C4,0.012741898740863254
F3,C4,0.012839989346518869
F4,C4,0.011700521325412123
F5,C4,0.011906194480682482
F6,C4,0.010480359690391123
F7,C4,0.010565147521585001
F8,C4,0.011075214804620545
C5,C5,0.0
C6,C5,0.004595418128615642
C7,C5,0.0047149809202316935
C8,C5,0.004755688405423055
D1,C5,0.001303867554854239
D2,C5,0.0022933760348930595
D3,C5,0.0016038777485003766
D4,C5,0.0018127474039599453
D5,C5,0.001739328727774462
D6,C5,0.005355695531699365
D7,C5,0.00506435908183669
D8,C5,0.004817621983841702
E1,C5,0.010028346296993383
E2,C5,0.009903297962634951
E3,C5,0.009109995641836384
E4,C5,0.009797592871498763
E5,C5,0.9983914379743407
E6,C5,0.009503295425806366
E7,C5,0.00935711650642326
E8,C5,0.009353266030753076
F1,C5,0.012642433539551797
F2,C5,0.012597941801788158
F3,C5,0.012731098251717319
F4,C5,0.011538181568978817
F5,C5,0.01176836365549988
F6,C5,0.010269358198529947
F7,C5,0.01034948437244849
F8,C5,0.010796730948933356
C6,C6,0.0
C7,C6,0.001057704045080057
C8,C6,0.0018446167135592365
D1,C6,0.004619253536002267
D2,C6,0.003955609294024261
D3,C6,0.005089814044664338
D4,C6,0.003671975451738856
D5,C6,0.003817742230075534
D6,C6,0.002180513025166851
D7,C6,0.001599125652868612
D8,C6,0.0012093835360456684
E1,C6,0.007396382309134508
E2,C6,0.007483930154633563
E3,C6,0.007084732205008266
E4,C6,0.007141440295803834
E5,C6,0.9984280904648682
E6,C6,0.006829534842188625
E7,C6,0.006755738820844221
E8,C6,0.007234642174688257
F1,C6,0.011291706111570947
F2,C6,0.011308533147652355
F3,C6,0.011659093653749534
F4,C6,0.010008831767427583
F5,C6,0.010083365339173674
F6,C6,0.008121609716324618
F7,C6,0.00828235337788594
F8,C6,0.009043968537271749
C7,C7,0.0
C8,C7,0.0011487437101945289
D1,C7,0.004772542097854263
D2,C7,0.004131481471376486
D3,C7,0.005306595433277492
D4,C7,0.00390115572216734
D5,C7,0.00410484810868489
D6,C7,0.0028055657511721357
D7,C7,0.002047302100117722
D8,C7,0.0011308272548761523
E1,C7,0.007723713541184389
E2,C7,0.007811948343111786
E3,C7,0.007452110831822162
E4,C7,0.007482184832893899
E5,C7,0.9978204595420942
E6,C7,0.00718478394610114
E7,C7,0.007112897078986157
E8,C7,0.007464793342594645
F1,C7,0.01152684474327715
F2,C7,0.011532885518342221
F3,C7,0.011886920362113215
F4,C7,0.010244993953763217
F5,C7,0.010379176164876812
F6,C7,0.008460070958101846
F7,C7,0.008582696963336094
F8,C7,0.009225245502549839
C8,C8,0.0
D1,C8,0.004810946737750902
D2,C8,0.004192828299003087
D3,C8,0.005402091434050629
D4,C8,0.004108088615801151
D5,C8,0.004322340340734558
D6,C8,0.0033744943677916513
D7,C8,0.0026878994461439357
D8,C8,0.0018214224091355608
E1,C8,0.00847806300054055
E2,C8,0.008561525939947941
E3,C8,0.008167375453408645
E4,C8,0.008214351519317521
E5,C8,0.9971938048808764
E6,C8,0.00793805669496193
E7,C8,0.007879969983205795
E8,C8,0.008063645489834846
F1,C8,0.012110251598811995
F2,C8,0.012106873176627361
F3,C8,0.012443868055173852
F4,C8,0.010839149790764002
F5,C8,0.011022086465882985
F6,C8,0.009142810833552156
F7,C8,0.009261802940617046
F8,C8,0.009760427569519944
D1,D1,0.0
D2,D1,0.0023976175384248385
D3,D1,0.001454089636433605
D4,D1,0.0020699143470600027
D5,D1,0.001734407341655977
D6,D1,0.005274359402108276
D7,D1,0.00504562267685593
D8,D1,0.004824530523834981
E1,D1,0.009990029234866908
E2,D1,0.009914593395175331
E3,D1,0.009102505655257777
E4,D1,0.00979744832883129
E5,D1,0.9983050162602664
E6,D1,0.009517382873905831
E7,D1,0.009365233470598236
E8,D1,0.009366238912886992
F1,D1,0.012654179202324216
F2,D1,0.012661741274659136
F3,D1,0.012795741767059323
F4,D1,0.01158523724374453
F5,D1,0.011810999639924016
F6,D1,0.010304753554601198
F7,D1,0.010419555287311276
F8,D1,0.010856827527122973
D2,D2,0.0
D3,D2,0.0021760985704009084
D4,D2,0.0017334072452713871
D5,D2,0.0015613649633466832
D6,D2,0.003978213424807113
D7,D2,0.003887041157605255
D8,D2,0.004303955615868053
E1,D2,0.010119737001145665
E2,D2,0.010074701819772316
E3,D2,0.009441824603541954
E4,D2,0.009858771551916471
E5,D2,0.9991456860300013
E6,D2,0.009538091921676041
E7,D2,0.00943643999048883
E8,D2,0.009705948217158231
F1,D2,0.01357054348615416
F2,D2,0.013438389317312602
F3,D2,0.013621160747739452
F4,D2,0.012211082810007835
F5,D2,0.012345206829287586
F6,D2,0.010634495986454006
F7,D2,0.010839605464432153
F8,D2,0.011402629207237435
D3,D3,0.0
D4,D3,0.002170976323639308
D5,D3,0.0015768129077558914
D6,D3,0.005385345869774781
D7,D3,0.005256572664469885
D8,D3,0.005298520936700739
E1,D3,0.010474915211148543
E2,D3,0.010405346370512039
E3,D3,0.009590099351631068
E4,D3,0.010294684037183985
E5,D3,0.9991474781724519
E6,D3,0.009983747219677335
E7,D3,0.009843672356469347
E8,D3,0.00994547834298232
F1,D3,0.013331112273112723
F2,D3,0.013266146857060073
F3,D3,0.013357155272697574
F4,D3,0.012179070575558941
F5,D3,0.012337942217510315
F6,D3,0.010864680975778206
F7,D3,0.010992024980489833
F8,D3,0.011487207068091709
D4,D4,0.0
D5,D4,0.0012164972897258906
D6,D4,0.004181659186122991
D7,D4,0.003991514639676383
D8,D4,0.004009024196918298
E1,D4,0.009290743586905388
E2,D4,0.009175217410058285
E3,D4,0.008508315709313187
E4,D4,0.008992204462492439
E5,D4,0.9984921765746205
E6,D4,0.008718081208600386
E7,D4,0.008550644855672534
E8,D4,0.00883241701237977
F1,D4,0.012458683666903857
F2,D4,0.012368552740065647
F3,D4,0.012575171762814079
F4,D4,0.01117108186955565
F5,D4,0.011356306348717007
F6,D4,0.009698527433310412
F7,D4,0.00981847777682821
F8,D4,0.01045626255429116
D5,D5,0.0
D6,D5,0.004110183648068906
D7,D5,0.003971611625357949
D8,D5,0.004078665768383888
E1,D5,0.009452043684781282
E2,D5,0.00941263905540958
E3,D5,0.008688618716446312
E4,D5,0.009241111068181615
E5,D5,0.9990147064747323
E6,D5,0.00892310446641939
E7,D5,0.008782760576243531
E8,D5,0.009043363268743937
F1,D5,0.01265375816364526
F2,D5,0.012598666367560376
F3,D5,0.012760932990094714
F4,D5,0.01143028762043865
F5,D5,0.01154963382756944
F6,D5,0.009928359186581645
F7,D5,0.0100757163620115
F8,D5,0.010690777629211962
D6,D6,0.0
D7,D6,0.0010451950245990121
D8,D6,0.0026069887267989988
E1,D6,0.008032616882876086
E2,D6,0.008207940360622213
E3,D6,0.007890796101067804
E4,D6,0.007803820570123142
E5,D6,0.9998485412850384
E6,D6,0.007447844150239649
E7,D6,0.007416403957963991
E8,D6,0.008208919976526863
F1,D6,0.012495127791339166
F2,D6,0.01244317736512106
F3,D6,0.012763446609706358
F4,D6,0.011061974731844356
F5,D6,0.010987571460052342
F6,D6,0.008972107102108596
F7,D6,0.009282057771300504
F8,D6,0.010175320481242731
D7,D7,0.0
D8,D7,0.0018577307660381178
E1,D7,0.0078069854230824725
E2,D7,0.0079561566683592
E3,D7,0.007635322228000462
E4,D7,0.007579085098379596
E5,D7,0.999367028226239
E6,D7,0.0072207487511792455
E7,D7,0.007180266837332058
E8,D7,0.007865713463519773
F1,D7,0.012121127782217538
F2,D7,0.01207417640860826
F3,D7,0.012409085078397268
F4,D7,0.01072164289910884
F5,D7,0.010699658156593541
F6,D7,0.008698452707757756
F7,D7,0.008948432109252351
F8,D7,0.009786778185068418
D8,D8,0.0
E1,D8,0.0072538379132569145
E2,D8,0.007415864544863829
E3,D8,0.007046359254935929
E4,D8,0.007074504750468817
E5,D8,0.9982260185993354
E6,D8,0.006763722334794347
E7,D8,0.006695727308824069
E8,D8,0.007111200702735882
F1,D8,0.011177382096595355
F2,D8,0.01121649781919065
F3,D8,0.011563844313497737
F4,D8,0.009937657137109713
F5,D8,0.01001019225152355
F6,D8,0.008097436675000211
F7,D8,0.00822372384056007
F8,D8,0.008938414938060947
E1,E1,0.0
E2,E1,0.001351875897070249
E3,E1,0.002106947281130102
E4,E1,0.0013138869559391915
E5,E1,0.9993695444851153
E6,E1,0.0014500886148719788
E7,E1,0.001686379559048114
E8,E1,0.0025032254947358165
F1,E1,0.005815522068699061
F2,E1,0.005742644382847329
F3,E1,0.00634291334222928
F4,E1,0.004434885690065857
F5,E1,0.0040592279893971114
F6,E1,0.0024187598111035558
F7,E1,0.0028366121846014284
F8,E1,0.004002939290225065
E2,E2,0.0
E3,E2,0.0016175604040762034
E4,E2,0.0011340192356553624
E5,E2,0.9991920080480096
E6,E2,0.001400688907120032
E7,E2,0.0013749984332862327
E8,E2,0.00211501598738186
F1,E2,0.00544953272684989
F2,E2,0.005149667307361752
F3,E2,0.005824674207361082
F4,E2,0.003761148216472516
F5,E2,0.0035807041480057232
F6,E2,0.001718229693442061
F7,E2,0.002125570045952382
F8,E2,0.0034351918292105546
E3,E3,0.0
E4,E3,0.002128620721020677
E5,E3,0.9991425618944221
E6,E3,0.0020988007087697487
E7,E3,0.002122831674355464
E8,E3,0.0016682068495902428
F1,E3,0.005310825384457371
F2,E3,0.0048755110995888605
F3,E3,0.005269012187206053
F4,E3,0.003453756556422438
F5,E3,0.003279509452997307
F6,E3,0.0019496121532176385
F7,E3,0.002454310030083387
F8,E3,0.003064320894952983
E4,E4,0.0
E5,E4,0.9990710246449699
E6,E4,0.001157580897356557
E7,E4,0.0011751877169837656
E8,E4,0.0025125403580169786
F1,E4,0.005991180791846854
F2,E4,0.005849361312019175
F3,E4,0.006558093422155951
F4,E4,0.004478792278721268
F5,E4,0.004249739205645076
F6,E4,0.00217927490818634
F7,E4,0.002592730997248909
F8,E4,0.004052105860184694
E5,E5,0.0
E6,E5,0.9993401504579851
E7,E5,0.999171345455823
E8,E5,0.9983299118724973
F1,E5,0.9976187591955245
F2,E5,0.9979248251976652
F3,E5,0.9981614702257036
F4,E5,0.998059522466981
F5,E5,0.9988861637997443
F6,E5,0.9989024256742661
F7,E5,0.9984904882973992
F8,E5,0.9978109867248557
E6,E6,0.0
E7,E6,0.0008939759215952993
E8,E6,0.0023205023341713394
F1,E6,0.0062473331649391985
F2,E6,0.006078644331873831
F3,E6,0.006703511284354779
F4,E6,0.004700735775386512
F5,E6,0.004460396914695019
F6,E6,0.0022320621476789523
F7,E6,0.0027212330253578968
F8,E6,0.004069239129035019
E7,E7,0.0
E8,E7,0.00246337346881604
F1,E7,0.006129315152758784
F2,E7,0.006041893304690964
F3,E7,0.0067131917491585
F4,E7,0.004675500691465363
F5,E7,0.0044967412110356484
F6,E7,0.002221051830356574
F7,E7,0.0025043612008326774
F8,E7,0.004132392914175792
E8,E8,0.0
F1,E8,0.005286265740573862
F2,E8,0.004758519599404659
F3,E8,0.005200129854627974
F4,E8,0.0033228317907953078
F5,E8,0.003421225303886795
F6,E8,0.002011039183518798
F7,E8,0.002491022016226448
F8,E8,0.002293192328059584
F1,F1,0.0
F2,F1,0.0023774446799417442
F3,F1,0.0031847614525249883
F4,F1,0.0030876109420689022
F5,F1,0.003273264313277618
F6,F1,0.004434685215056532
F7,F1,0.003949782474212455
F8,F1,0.0038249808679091273
F2,F2,0.0
F3,F2,0.0014320061504026662
F4,F2,0.0017215043562844447
F5,F2,0.0022132340087060685
F6,F2,0.004153736938005391
F7,F2,0.003933936076879188
F8,F2,0.0028518427231300028
F3,F3,0.0
F4,F3,0.002306073562377454
F5,F3,0.0025751974987825196
F6,F3,0.004892120304601087
F7,F3,0.00482888686611453
F8,F3,0.003334483602773914
F4,F4,0.0
F5,F4,0.0013111938067103892
F6,F4,0.002890855462155641
F7,F4,0.0029104031856287326
F8,F4,0.001732465832086485
F5,F5,0.0
F6,F5,0.002727605296581304
F7,F5,0.0029331603322582844
F8,F5,0.0022135733030341953
F6,F6,0.0
F7,F6,0.0012488203661324597
F8,F6,0.0024924083691517784
F7,F7,0.0
F8,F7,0.002603413940759322
F8,F8,0.0
