key,element_observed,LvS,element_expected,expected,document,element,frequency_in_document,doc_total,observed,gap_val
Electricity,Saudi Arabia,-0.019078288928215392,Saudi Arabia,0.038156577856430784,Electricity,Saudi Arabia,0.0,2226610000000.0,0.0,-0.038156577856430784
Food,Saudi Arabia,-0.008446145928102673,Saudi Arabia,0.038156577856430784,Food,Saudi Arabia,15700000000.0,2211748080000.0,0.007098457614576069,-0.031058120241854715
Insurance,Saudi Arabia,-0.019078288928215392,Saudi Arabia,0.038156577856430784,Insurance,Saudi Arabia,0.0,3510225350000.0,0.0,-0.038156577856430784
Oil&Gas,Saudi Arabia,0.08183905110626377,Saudi Arabia,0.038156577856430784,Oil&Gas,Saudi Arabia,1963890000000.0,6614459610000.0,0.2969086086837561,0.25875203082732534
Pharmaceuticals,Saudi Arabia,-0.019078288928215392,Saudi Arabia,0.038156577856430784,Pharmaceuticals,Saudi Arabia,0.0,5393512270000.0,0.0,-0.038156577856430784
Real Estate,Saudi Arabia,-0.019078288928215392,Saudi Arabia,0.038156577856430784,Real Estate,Saudi Arabia,0.0,1782132340000.0,0.0,-0.038156577856430784
Retail,Saudi Arabia,-0.01571338088195676,Saudi Arabia,0.038156577856430784,Retail,Saudi Arabia,6750000000.0,5419264170000.0,0.0012455565531141104,-0.03691102130331667
Technology,Saudi Arabia,-0.019078288928215392,Saudi Arabia,0.038156577856430784,Technology,Saudi Arabia,0.0,23817025780000.0,0.0,-0.038156577856430784
Electricity,Switzerland,-0.012644495358061045,Switzerland,0.039699023007236,Electricity,Switzerland,8120000000.0,2226610000000.0,0.0036467993945953716,-0.036052223612640634
Food,Switzerland,0.025098170995476312,Switzerland,0.039699023007236,Food,Switzerland,334740000000.0,2211748080000.0,0.15134635043969383,0.11164732743245782
Insurance,Switzerland,0.0026522064739568883,Switzerland,0.039699023007236,Insurance,Switzerland,237400000000.0,3510225350000.0,0.06763098557190922,0.027931962564673216
Oil&Gas,Switzerland,-0.017495625861867575,Switzerland,0.039699023007236,Oil&Gas,Switzerland,5060000000.0,6614459610000.0,0.0007649906868204461,-0.038934032320415556
Pharmaceuticals,Switzerland,0.005989312077389994,Switzerland,0.039699023007236,Pharmaceuticals,Switzerland,456410000000.0,5393512270000.0,0.08462203795079157,0.044923014943555564
Real Estate,Switzerland,-0.012193465335005989,Switzerland,0.039699023007236,Real Estate,Switzerland,7140000000.0,1782132340000.0,0.004006436469246723,-0.03569258653798928
Retail,Switzerland,-0.019849511503618,Switzerland,0.039699023007236,Retail,Switzerland,0.0,5419264170000.0,0.0,-0.039699023007236
Technology,Switzerland,-0.010451541031389313,Switzerland,0.039699023007236,Technology,Switzerland,132770000000.0,23817025780000.0,0.005574583544830844,-0.03412443946240516
Electricity,Spain,0.010205009167501847,Spain,0.011435311210851649,Electricity,Spain,116260000000.0,2226610000000.0,0.05221390364724851,0.040778592436396865
Food,Spain,-0.0026023038264620436,Spain,0.011435311210851649,Food,Spain,4520000000.0,2211748080000.0,0.0020436323833047027,-0.009391678827546946
Insurance,Spain,-0.001693590703663392,Spain,0.011435311210851649,Insurance,Spain,11710000000.0,3510225350000.0,0.003335968159423155,-0.008099343051428494
Oil&Gas,Spain,-0.0015091016428946888,Spain,0.011435311210851649,Oil&Gas,Spain,24300000000.0,6614459610000.0,0.0036737695039005614,-0.007761541706951087
Pharmaceuticals,Spain,-0.0022608268001933812,Spain,0.011435311210851649,Pharmaceuticals,Spain,13320000000.0,5393512270000.0,0.0024696337624165636,-0.008965677448435086
Real Estate,Spain,-0.005717655605425824,Spain,0.011435311210851649,Real Estate,Spain,0.0,1782132340000.0,0.0,-0.011435311210851649
Retail,Spain,0.0022508714723407514,Spain,0.011435311210851649,Retail,Spain,144340000000.0,5419264170000.0,0.02663461227799862,0.01519930106714697
Technology,Spain,-0.0035655876916161327,Spain,0.011435311210851649,Technology,Spain,26460000000.0,23817025780000.0,0.0011109699525210827,-0.010324341258330566
Electricity,Italy,0.008731962998517202,Italy,0.009004180930885319,Electricity,Italy,95850000000.0,2226610000000.0,0.04304750270590719,0.03404332177502187
Food,Italy,-0.003081741959225893,Italy,0.009004180930885319,Food,Italy,1480000000.0,2211748080000.0,0.0006691539662148141,-0.008335026964670506
Insurance,Italy,0.0004936214893278847,Italy,0.009004180930885319,Insurance,Italy,51490000000.0,3510225350000.0,0.014668573913637767,0.005664392982752448
Oil&Gas,Italy,0.0001193334554303782,Italy,0.009004180930885319,Oil&Gas,Italy,76810000000.0,6614459610000.0,0.01161243767879021,0.0026082567479048906
Pharmaceuticals,Italy,-0.0017133431311085092,Italy,0.009004180930885319,Pharmaceuticals,Italy,10980000000.0,5393512270000.0,0.0020357791825325725,-0.006968401748352747
Real Estate,Italy,-0.0045020904654426595,Italy,0.009004180930885319,Real Estate,Italy,0.0,1782132340000.0,0.0,-0.009004180930885319
Retail,Italy,-0.0045020904654426595,Italy,0.009004180930885319,Retail,Italy,0.0,5419264170000.0,0.0,-0.009004180930885319
Technology,Italy,-0.0045020904654426595,Italy,0.009004180930885319,Technology,Italy,0.0,23817025780000.0,0.0,-0.009004180930885319
Electricity,China,0.007904788849844555,China,0.0553647920049824,Electricity,China,258250000000.0,2226610000000.0,0.11598349059781461,0.06061869859283221
Food,China,-0.0002872253414442547,China,0.0553647920049824,Food,China,102558140000.0,2211748080000.0,0.046369720370685256,-0.008995071634297143
Insurance,China,0.0004415522596077151,China,0.0553647920049824,Insurance,China,237380000000.0,3510225350000.0,0.06762528793201268,0.012260495927030282
Oil&Gas,China,0.0010314972653586527,China,0.0553647920049824,Oil&Gas,China,493500000000.0,6614459610000.0,0.07460926955452374,0.01924447754954134
Pharmaceuticals,China,-0.005439636220604626,China,0.0553647920049824,Pharmaceuticals,China,117660000000.0,5393512270000.0,0.021815098234679645,-0.03354969377030276
Real Estate,China,-0.00572390964396941,China,0.0553647920049824,Real Estate,China,37670000000.0,1782132340000.0,0.02113759969138992,-0.034227192313592475
Retail,China,-0.00019045365933639162,China,0.0553647920049824,Retail,China,260020000000.0,5419264170000.0,0.04798068369492311,-0.007384108310059291
Technology,China,-0.00022303538118012426,China,0.0553647920049824,Technology,China,1128860000000.0,23817025780000.0,0.04739718596383028,-0.007967606041152119
Electricity,South Korea,0.00768340767950051,South Korea,0.005879685140298238,Electricity,South Korea,74400000000.0,2226610000000.0,0.033414024009593056,0.02753433886929482
Food,South Korea,-0.0013592327494766118,South Korea,0.005879685140298238,Food,South Korea,2270000000.0,2211748080000.0,0.0010263375022348839,-0.004853347638063355
Insurance,South Korea,-0.00030286444770748243,South Korea,0.005879685140298238,Insurance,South Korea,11050000000.0,3510225350000.0,0.003147946042837392,-0.002731739097460846
Oil&Gas,South Korea,-0.002326003972849022,South Korea,0.005879685140298238,Oil&Gas,South Korea,1600000000.0,6614459610000.0,0.0002418942883226707,-0.0056377908519755675
Pharmaceuticals,South Korea,-0.00265063215041387,South Korea,0.005879685140298238,Pharmaceuticals,South Korea,480000000.0,5393512270000.0,8.899581125825454e-05,-0.0057906893290399835
Real Estate,South Korea,-0.002939842570149119,South Korea,0.005879685140298238,Real Estate,South Korea,0.0,1782132340000.0,0.0,-0.005879685140298238
Retail,South Korea,4.791263548256143e-05,South Korea,0.005879685140298238,Retail,South Korea,39000000000.0,5419264170000.0,0.007196548973548193,0.0013168638332499549
Technology,South Korea,-0.0007590330507189105,South Korea,0.005879685140298238,Technology,South Korea,45770000000.0,23817025780000.0,0.001921734494591457,-0.0039579506457067815
Electricity,Norway,0.007068819195739635,Norway,0.008371303055039813,Electricity,Norway,82590000000.0,2226610000000.0,0.03709226133000391,0.028720958274964094
Food,Norway,5.61628231032145e-05,Norway,0.008371303055039813,Food,Norway,22260000000.0,2211748080000.0,0.010064437356717406,0.0016931343016775933
Insurance,Norway,-0.0011423732389187714,Norway,0.008371303055039813,Insurance,Norway,9190000000.0,3510225350000.0,0.0026180655324593333,-0.00575323752258048
Oil&Gas,Norway,0.0011214248467873132,Norway,0.008371303055039813,Oil&Gas,Norway,113740000000.0,6614459610000.0,0.017195660221137853,0.00882435716609804
Pharmaceuticals,Norway,-0.0041856515275199065,Norway,0.008371303055039813,Pharmaceuticals,Norway,0.0,5393512270000.0,0.0,-0.008371303055039813
Real Estate,Norway,-0.0041856515275199065,Norway,0.008371303055039813,Real Estate,Norway,0.0,1782132340000.0,0.0,-0.008371303055039813
Retail,Norway,-0.0041856515275199065,Norway,0.008371303055039813,Retail,Norway,0.0,5419264170000.0,0.0,-0.008371303055039813
Technology,Norway,-0.0041856515275199065,Norway,0.008371303055039813,Technology,Norway,0.0,23817025780000.0,0.0,-0.008371303055039813
Electricity,USA,-0.006494501968184602,USA,0.5474401909235179,Electricity,USA,926130000000.0,2226610000000.0,0.4159372319355433,-0.13150295898797465
Food,USA,-0.00591709413059139,USA,0.5474401909235179,Food,USA,932332030000.0,2211748080000.0,0.42153626736730343,-0.1259039235562145
Insurance,USA,-0.003195900450111762,USA,0.5474401909235179,Insurance,USA,1591327500000.0,3510225350000.0,0.4533405526229249,-0.09409963830059304
Oil&Gas,USA,-0.015188526005697409,USA,0.5474401909235179,Oil&Gas,USA,2337739610000.0,6614459610000.0,0.35342866202791734,-0.19401152889560058
Pharmaceuticals,USA,-3.8777244519344264e-07,USA,0.5474401909235179,Pharmaceuticals,USA,2946776530000.0,5393512270000.0,0.5463557664252797,-0.0010844244982382012
Real Estate,USA,0.0008688502880131142,USA,0.5474401909235179,Real Estate,USA,1069290540000.0,1782132340000.0,0.6000062486941907,0.0525660577706728
Retail,USA,0.010596670361218058,USA,0.5474401909235179,Retail,USA,4019381440000.0,5419264170000.0,0.7416839840084785,0.19424379308496054
Technology,USA,0.023424947059691517,USA,0.5474401909235179,Technology,USA,20178565780000.0,23817025780000.0,0.8472328143065058,0.29979262338298784
Electricity,Germany,0.004685565914194941,Germany,0.023062414505447375,Electricity,Germany,120940000000.0,2226610000000.0,0.05431575354462614,0.03125333903917876
Food,Germany,-0.003917067099378446,Germany,0.023062414505447375,Food,Germany,13060000000.0,2211748080000.0,0.0059048316207874815,-0.01715758288465989
Insurance,Germany,0.006730633077168915,Germany,0.023062414505447375,Insurance,Germany,218360000000.0,3510225350000.0,0.062206832390404795,0.03914441788495742
Oil&Gas,Germany,-0.009240060581391702,Germany,0.023062414505447375,Oil&Gas,Germany,5860000000.0,6614459610000.0,0.0008859378309817815,-0.022176476674465595
Pharmaceuticals,Germany,5.7365404101901766e-06,Germany,0.023062414505447375,Pharmaceuticals,Germany,129050000000.0,5393512270000.0,0.023926894672661975,0.0008644801672146006
Real Estate,Germany,-6.2693617016453505e-06,Germany,0.023062414505447375,Real Estate,Germany,39520000000.0,1782132340000.0,0.022175681969836204,-0.0008867325356111712
Retail,Germany,-0.006263499311319278,Germany,0.023062414505447375,Retail,Germany,16540000000.0,5419264170000.0,0.0030520748723714642,-0.02001033963307591
Technology,Germany,-0.0012720679918221968,Germany,0.023062414505447375,Technology,Germany,286550000000.0,23817025780000.0,0.012031309141909153,-0.011031105363538221
Electricity,Netherlands,-0.003688433943111101,Netherlands,0.007376867886222202,Electricity,Netherlands,0.0,2226610000000.0,0.0,-0.007376867886222202
Food,Netherlands,0.0008336074136298696,Netherlands,0.007376867886222202,Food,Netherlands,31870000000.0,2211748080000.0,0.014409416826531166,0.007032548940308964
Insurance,Netherlands,0.00010942894283200058,Netherlands,0.007376867886222202,Insurance,Netherlands,33860000000.0,3510225350000.0,0.009646104344839285,0.0022692364586170827
Oil&Gas,Netherlands,-0.003688433943111101,Netherlands,0.007376867886222202,Oil&Gas,Netherlands,0.0,6614459610000.0,0.0,-0.007376867886222202
Pharmaceuticals,Netherlands,-0.00029762619988230586,Netherlands,0.007376867886222202,Pharmaceuticals,Netherlands,23150000000.0,5393512270000.0,0.004292193813809568,-0.003084674072412634
Real Estate,Netherlands,-0.00029505587824423104,Netherlands,0.007376867886222202,Real Estate,Netherlands,7670000000.0,1782132340000.0,0.004303833013882684,-0.003073034872339518
Retail,Netherlands,-0.00015662406961602753,Netherlands,0.007376867886222202,Retail,Netherlands,27420000000.0,5419264170000.0,0.005059727509094653,-0.0023171403771275493
Technology,Netherlands,0.0025453378126255107,Netherlands,0.007376867886222202,Technology,Netherlands,507390000000.0,23817025780000.0,0.02130366758162026,0.013926799695398059
Electricity,Japan,-0.0033754864220641003,Japan,0.0327466641729039,Electricity,Japan,27890000000.0,2226610000000.0,0.012525767871338044,-0.020220896301565858
Food,Japan,4.149535192991599e-06,Japan,0.0327466641729039,Food,Japan,74360000000.0,2211748080000.0,0.033620465491711875,0.0008738013188079735
Insurance,Japan,0.0004785859290026115,Japan,0.0327466641729039,Insurance,Japan,150027850000.0,3510225350000.0,0.04274023318759293,0.009993569014689029
Oil&Gas,Japan,-0.0052694648340876095,Japan,0.0327466641729039,Oil&Gas,Japan,58520000000.0,6614459610000.0,0.00884728359540168,-0.02389938057750222
Pharmaceuticals,Japan,0.0010699669787161692,Japan,0.0327466641729039,Pharmaceuticals,Japan,259940000000.0,5393512270000.0,0.04819493995514726,0.015448275782243358
Real Estate,Japan,0.002120734358641024,Japan,0.0327466641729039,Real Estate,Japan,98700000000.0,1782132340000.0,0.05538309236899881,0.02263642819609491
Retail,Japan,5.5836334057024744e-05,Japan,0.0327466641729039,Retail,Japan,195140000000.0,5419264170000.0,0.03600857863328703,0.003261914460383132
Technology,Japan,-0.0004129993382458296,Japan,0.0327466641729039,Technology,Japan,587160000000.0,23817025780000.0,0.024652952279753546,-0.008093711893150356
Electricity,Singapore,-0.0022853844757250654,Singapore,0.004570768951450131,Electricity,Singapore,0.0,2226610000000.0,0.0,-0.004570768951450131
Food,Singapore,0.0026606140176775026,Singapore,0.004570768951450131,Food,Singapore,37000000000.0,2211748080000.0,0.016728849155370352,0.012158080203920223
Insurance,Singapore,-0.0004434709172693522,Singapore,0.004570768951450131,Insurance,Singapore,6370000000.0,3510225350000.0,0.0018146983070474378,-0.002756070644402693
Oil&Gas,Singapore,-0.0022853844757250654,Singapore,0.004570768951450131,Oil&Gas,Singapore,0.0,6614459610000.0,0.0,-0.004570768951450131
Pharmaceuticals,Singapore,-0.0022853844757250654,Singapore,0.004570768951450131,Pharmaceuticals,Singapore,0.0,5393512270000.0,0.0,-0.004570768951450131
Real Estate,Singapore,0.002467986365789835,Singapore,0.004570768951450131,Real Estate,Singapore,28750000000.0,1782132340000.0,0.016132359732611103,0.011561590781160973
Retail,Singapore,-0.0022853844757250654,Singapore,0.004570768951450131,Retail,Singapore,0.0,5419264170000.0,0.0,-0.004570768951450131
Technology,Singapore,-0.0004134813137995178,Singapore,0.004570768951450131,Technology,Singapore,45020000000.0,23817025780000.0,0.001890244416572152,-0.002680524534877979
Electricity,Bermuda,-0.0022010452565368304,Bermuda,0.004402090513073661,Electricity,Bermuda,0.0,2226610000000.0,0.0,-0.004402090513073661
Food,Bermuda,-0.0022010452565368304,Bermuda,0.004402090513073661,Food,Bermuda,0.0,2211748080000.0,0.0,-0.004402090513073661
Insurance,Bermuda,0.006739661132858239,Bermuda,0.004402090513073661,Insurance,Bermuda,96740000000.0,3510225350000.0,0.027559484179555595,0.023157393666481934
Oil&Gas,Bermuda,-0.0007231144843819523,Bermuda,0.004402090513073661,Oil&Gas,Bermuda,7710000000.0,6614459610000.0,0.0011656281018548695,-0.0032364624112187915
Pharmaceuticals,Bermuda,-0.0022010452565368304,Bermuda,0.004402090513073661,Pharmaceuticals,Bermuda,0.0,5393512270000.0,0.0,-0.004402090513073661
Real Estate,Bermuda,4.1403981273898315e-05,Bermuda,0.004402090513073661,Real Estate,Bermuda,9740000000.0,1782132340000.0,0.005465362914630683,0.0010632724015570225
Retail,Bermuda,-0.0010023092648411718,Bermuda,0.004402090513073661,Retail,Bermuda,4260000000.0,5419264170000.0,0.0007860845801875719,-0.003616005932886089
Technology,Bermuda,-0.0016393672075081995,Bermuda,0.004402090513073661,Technology,Bermuda,5720000000.0,23817025780000.0,0.00024016432836056662,-0.0041619261847130945
Electricity,Czech Republic,0.0021251320629057067,Czech Republic,0.0014936171357164403,Electricity,Czech Republic,19900000000.0,2226610000000.0,0.008937353196114273,0.007443736060397832
Food,Czech Republic,-0.0007468085678582201,Czech Republic,0.0014936171357164403,Food,Czech Republic,0.0,2211748080000.0,0.0,-0.0014936171357164403
Insurance,Czech Republic,-0.0007468085678582201,Czech Republic,0.0014936171357164403,Insurance,Czech Republic,0.0,3510225350000.0,0.0,-0.0014936171357164403
Oil&Gas,Czech Republic,0.00018812887037088097,Czech Republic,0.0014936171357164403,Oil&Gas,Czech Republic,19920000000.0,6614459610000.0,0.00301158388961725,0.0015179667539008098
Pharmaceuticals,Czech Republic,-0.0007468085678582201,Czech Republic,0.0014936171357164403,Pharmaceuticals,Czech Republic,0.0,5393512270000.0,0.0,-0.0014936171357164403
Real Estate,Czech Republic,-0.0007468085678582201,Czech Republic,0.0014936171357164403,Real Estate,Czech Republic,0.0,1782132340000.0,0.0,-0.0014936171357164403
Retail,Czech Republic,-0.0007468085678582201,Czech Republic,0.0014936171357164403,Retail,Czech Republic,0.0,5419264170000.0,0.0,-0.0014936171357164403
Technology,Czech Republic,-0.0007468085678582201,Czech Republic,0.0014936171357164403,Technology,Czech Republic,0.0,23817025780000.0,0.0,-0.0014936171357164403
Electricity,Malaysia,0.001812331261507689,Malaysia,0.0021056902925202965,Electricity,Malaysia,20990000000.0,2226610000000.0,0.009426886612383847,0.007321196319863551
Food,Malaysia,0.00040710210541493384,Malaysia,0.0021056902925202965,Food,Malaysia,10780000000.0,2211748080000.0,0.004873972807970065,0.0027682825154497683
Insurance,Malaysia,-0.0010528451462601483,Malaysia,0.0021056902925202965,Insurance,Malaysia,0.0,3510225350000.0,0.0,-0.0021056902925202965
Oil&Gas,Malaysia,-0.00044766420877236156,Malaysia,0.0021056902925202965,Oil&Gas,Malaysia,2740000000.0,6614459610000.0,0.00041424396875257356,-0.001691446323767723
Pharmaceuticals,Malaysia,-0.0010528451462601483,Malaysia,0.0021056902925202965,Pharmaceuticals,Malaysia,0.0,5393512270000.0,0.0,-0.0021056902925202965
Real Estate,Malaysia,-2.6872693174384858e-05,Malaysia,0.0021056902925202965,Real Estate,Malaysia,2820000000.0,1782132340000.0,0.0015823740676856803,-0.0005233162248346162
Retail,Malaysia,-0.0003519188829232938,Malaysia,0.0021056902925202965,Retail,Malaysia,2970000000.0,5419264170000.0,0.0005480448833702085,-0.001557645409150088
Technology,Malaysia,-0.0010528451462601483,Malaysia,0.0021056902925202965,Technology,Malaysia,0.0,23817025780000.0,0.0,-0.0021056902925202965
Electricity,India,0.0018087346715485444,India,0.03301170635109488,Electricity,India,119730000000.0,2226610000000.0,0.053772326541244315,0.02076062019014944
Food,India,0.0031137106117556934,India,0.03301170635109488,Food,India,135647910000.0,2211748080000.0,0.06133063309814199,0.028318926747047113
Insurance,India,0.0006553908069558143,India,0.03301170635109488,Insurance,India,157560000000.0,3510225350000.0,0.04488600710492846,0.011874300753833583
Oil&Gas,India,-0.0009896015410406464,India,0.03301170635109488,Oil&Gas,India,138250000000.0,6614459610000.0,0.020901178350380765,-0.012110528000714112
Pharmaceuticals,India,-1.8655502489539144e-05,India,0.03301170635109488,Pharmaceuticals,India,168221150000.0,5393512270000.0,0.03118953690634693,-0.0018221694447479488
Real Estate,India,0.00022503988271842896,India,0.03301170635109488,Real Estate,India,70830000000.0,1782132340000.0,0.03974452312559459,0.00673281677449971
Retail,India,-0.003928353701310886,India,0.03301170635109488,Retail,India,62127200000.0,5419264170000.0,0.011464139420241623,-0.021547566930853253
Technology,India,-0.0141634399343389,India,0.03301170635109488,Technology,India,19180000000.0,23817025780000.0,0.0008053062618803615,-0.032206400089214514
Electricity,Mexico,-0.001770785093829847,Mexico,0.003541570187659694,Electricity,Mexico,0.0,2226610000000.0,0.0,-0.003541570187659694
Food,Mexico,0.0019912989575931552,Mexico,0.003541570187659694,Food,Mexico,28190000000.0,2211748080000.0,0.012745574532159196,0.009204004344499502
Insurance,Mexico,-0.001770785093829847,Mexico,0.003541570187659694,Insurance,Mexico,0.0,3510225350000.0,0.0,-0.003541570187659694
Oil&Gas,Mexico,-0.001770785093829847,Mexico,0.003541570187659694,Oil&Gas,Mexico,0.0,6614459610000.0,0.0,-0.003541570187659694
Pharmaceuticals,Mexico,-0.001770785093829847,Mexico,0.003541570187659694,Pharmaceuticals,Mexico,0.0,5393512270000.0,0.0,-0.003541570187659694
Real Estate,Mexico,-0.001770785093829847,Mexico,0.003541570187659694,Real Estate,Mexico,0.0,1782132340000.0,0.0,-0.003541570187659694
Retail,Mexico,0.0029533968941290725,Mexico,0.003541570187659694,Retail,Mexico,84470000000.0,5419264170000.0,0.015586986969118356,0.012045416781458661
Technology,Mexico,-0.001770785093829847,Mexico,0.003541570187659694,Technology,Mexico,0.0,23817025780000.0,0.0,-0.003541570187659694
Electricity,Australia,-0.0014259023075369852,Australia,0.013172219677569326,Electricity,Australia,10870000000.0,2226610000000.0,0.004881860765917696,-0.00829035891165163
Food,Australia,-0.006586109838784663,Australia,0.013172219677569326,Food,Australia,0.0,2211748080000.0,0.0,-0.013172219677569326
Insurance,Australia,9.63996422659796e-06,Australia,0.013172219677569326,Insurance,Australia,49230000000.0,3510225350000.0,0.014024740605328942,0.0008525209277596164
Oil&Gas,Australia,-0.00021292587943879423,Australia,0.013172219677569326,Oil&Gas,Australia,62970000000.0,6614459610000.0,0.009520052084799108,-0.003652167592770218
Pharmaceuticals,Australia,0.00013173953500076208,Australia,0.013172219677569326,Pharmaceuticals,Australia,88770000000.0,5393512270000.0,0.01645866284457345,0.0032864431670041223
Real Estate,Australia,0.003772748344984406,Australia,0.013172219677569326,Real Estate,Australia,62850000000.0,1782132340000.0,0.035266741189377664,0.022094521511808338
Retail,Australia,0.0009560429200153463,Australia,0.013172219677569326,Retail,Australia,124040000000.0,5419264170000.0,0.022888716273818405,0.00971649659624908
Technology,Australia,-0.003012286302615885,Australia,0.013172219677569326,Technology,Australia,55660000000.0,23817025780000.0,0.00233698365673936,-0.010835236020829966
Electricity,Portugal,0.0014051032852681045,Portugal,0.0016361441651219152,Electricity,Portugal,16290000000.0,2226610000000.0,0.0073160544504875125,0.005679910285365597
Food,Portugal,-0.0008180720825609576,Portugal,0.0016361441651219152,Food,Portugal,0.0,2211748080000.0,0.0,-0.0016361441651219152
Insurance,Portugal,-1.9519818003100058e-05,Portugal,0.0016361441651219152,Insurance,Portugal,4360000000.0,3510225350000.0,0.001242085497445342,-0.0003940586676765732
Oil&Gas,Portugal,3.302699744304178e-05,Portugal,0.0016361441651219152,Oil&Gas,Portugal,14750000000.0,6614459610000.0,0.0022299629704746206,0.0005938188053527054
Pharmaceuticals,Portugal,-0.0008180720825609576,Portugal,0.0016361441651219152,Pharmaceuticals,Portugal,0.0,5393512270000.0,0.0,-0.0016361441651219152
Real Estate,Portugal,-0.0008180720825609576,Portugal,0.0016361441651219152,Real Estate,Portugal,0.0,1782132340000.0,0.0,-0.0016361441651219152
Retail,Portugal,4.069412650838946e-05,Portugal,0.0016361441651219152,Retail,Portugal,12470000000.0,5419264170000.0,0.002301050402567845,0.0006649062374459299
Technology,Portugal,-0.0008180720825609576,Portugal,0.0016361441651219152,Technology,Portugal,0.0,23817025780000.0,0.0,-0.0016361441651219152
Electricity,Belgium,-0.0013936057425842174,Belgium,0.002787211485168435,Electricity,Belgium,0.0,2226610000000.0,0.0,-0.002787211485168435
Food,Belgium,2.5104589882459795e-05,Belgium,0.002787211485168435,Food,Belgium,7620000000.0,2211748080000.0,0.0034452386638897862,0.0006580271787213514
Insurance,Belgium,0.001866913455029977,Belgium,0.002787211485168435,Insurance,Belgium,38400000000.0,3510225350000.0,0.010939468601353471,0.008152257116185037
Oil&Gas,Belgium,-0.0009203560780491843,Belgium,0.002787211485168435,Oil&Gas,Belgium,1530000000.0,6614459610000.0,0.00023131141320855385,-0.002555900071959881
Pharmaceuticals,Belgium,0.0002418373834428499,Belgium,0.002787211485168435,Pharmaceuticals,Belgium,27320000000.0,5393512270000.0,0.005065344924115654,0.002278133438947219
Real Estate,Belgium,-0.00011123018122306566,Belgium,0.002787211485168435,Real Estate,Belgium,2900000000.0,1782132340000.0,0.001627264112159033,-0.001159947373009402
Retail,Belgium,-0.0003216956849690801,Belgium,0.002787211485168435,Retail,Belgium,5360000000.0,5419264170000.0,0.0009890641666209824,-0.0017981473185474525
Technology,Belgium,-0.0013936057425842174,Belgium,0.002787211485168435,Technology,Belgium,0.0,23817025780000.0,0.0,-0.002787211485168435
Electricity,Sweden,-0.001343496694703124,Sweden,0.002686993389406248,Electricity,Sweden,0.0,2226610000000.0,0.0,-0.002686993389406248
Food,Sweden,1.731867794633595e-05,Sweden,0.002686993389406248,Food,Sweden,7120000000.0,2211748080000.0,0.00321917313476316,0.0005321797453569119
Insurance,Sweden,-0.001343496694703124,Sweden,0.002686993389406248,Insurance,Sweden,0.0,3510225350000.0,0.0,-0.002686993389406248
Oil&Gas,Sweden,-0.001343496694703124,Sweden,0.002686993389406248,Oil&Gas,Sweden,0.0,6614459610000.0,0.0,-0.002686993389406248
Pharmaceuticals,Sweden,-3.766984787177165e-05,Sweden,0.002686993389406248,Pharmaceuticals,Sweden,10730000000.0,5393512270000.0,0.001989427197502232,-0.0006975661919040163
Real Estate,Sweden,0.0008139538322560545,Sweden,0.002686993389406248,Real Estate,Sweden,13110000000.0,1782132340000.0,0.0073563560380706635,0.004669362648664415
Retail,Sweden,0.00036981862524463954,Sweden,0.002686993389406248,Retail,Sweden,30160000000.0,5419264170000.0,0.005565331206210602,0.002878337816804354
Technology,Sweden,2.7503934438196482e-05,Sweden,0.002686993389406248,Technology,Sweden,80160000000.0,23817025780000.0,0.003365659538703325,0.000678666149297077
Electricity,Ireland,-0.001185444203857115,Ireland,0.00237088840771423,Electricity,Ireland,0.0,2226610000000.0,0.0,-0.00237088840771423
Food,Ireland,0.0016305506652888315,Ireland,0.00237088840771423,Food,Ireland,20860000000.0,2211748080000.0,0.009431453875162853,0.007060565467448623
Insurance,Ireland,-0.001185444203857115,Ireland,0.00237088840771423,Insurance,Ireland,0.0,3510225350000.0,0.0,-0.00237088840771423
Oil&Gas,Ireland,-0.00019393582442959198,Ireland,0.00237088840771423,Oil&Gas,Ireland,6850000000.0,6614459610000.0,0.0010356099218814339,-0.001335278485832796
Pharmaceuticals,Ireland,0.0010442229273051262,Ireland,0.00237088840771423,Pharmaceuticals,Ireland,41060070000.0,5393512270000.0,0.0076128629999389985,0.005241974592224769
Real Estate,Ireland,-0.001185444203857115,Ireland,0.00237088840771423,Real Estate,Ireland,0.0,1782132340000.0,0.0,-0.00237088840771423
Retail,Ireland,-0.001185444203857115,Ireland,0.00237088840771423,Retail,Ireland,0.0,5419264170000.0,0.0,-0.00237088840771423
Technology,Ireland,-0.00025290876431523067,Ireland,0.00237088840771423,Technology,Ireland,21130000000.0,23817025780000.0,0.0008871804647305546,-0.0014837079429836752
Electricity,Brazil,0.00111954591027722,Brazil,0.00593814889594384,Electricity,Brazil,30340000000.0,2226610000000.0,0.01362609527487975,0.007687946378935911
Food,Brazil,1.9169382326509948e-05,Brazil,0.00593814889594384,Food,Brazil,14950000000.0,2211748080000.0,0.006759359320886129,0.000821210424942289
Insurance,Brazil,-5.103259639616613e-05,Brazil,0.00593814889594384,Insurance,Brazil,16540000000.0,3510225350000.0,0.004711948194437147,-0.0012262007015066932
Oil&Gas,Brazil,0.001873643272391284,Brazil,0.00593814889594384,Oil&Gas,Brazil,109320000000.0,6614459610000.0,0.016527427249646474,0.010589278353702634
Pharmaceuticals,Brazil,-0.00296907444797192,Brazil,0.00593814889594384,Pharmaceuticals,Brazil,0.0,5393512270000.0,0.0,-0.00593814889594384
Real Estate,Brazil,-0.0006020737690523276,Brazil,0.00593814889594384,Real Estate,Brazil,4090000000.0,1782132340000.0,0.0022950035237001534,-0.0036431453722436864
Retail,Brazil,-0.00021183140136373185,Brazil,0.00593814889594384,Retail,Brazil,19430000000.0,5419264170000.0,0.0035853576040010614,-0.0023527912919427785
Technology,Brazil,-0.00296907444797192,Brazil,0.00593814889594384,Technology,Brazil,0.0,23817025780000.0,0.0,-0.00593814889594384
Electricity,Taiwan,-0.0010027904495646183,Taiwan,0.0020055808991292366,Electricity,Taiwan,0.0,2226610000000.0,0.0,-0.0020055808991292366
Food,Taiwan,-0.0010027904495646183,Taiwan,0.0020055808991292366,Food,Taiwan,0.0,2211748080000.0,0.0,-0.0020055808991292366
Insurance,Taiwan,0.0024226349572270597,Taiwan,0.0020055808991292366,Insurance,Taiwan,38180000000.0,3510225350000.0,0.01087679456249155,0.008871213663362314
Oil&Gas,Taiwan,-0.0006483427345397971,Taiwan,0.0020055808991292366,Oil&Gas,Taiwan,1170000000.0,6614459610000.0,0.00017688519833595294,-0.0018286957007932836
Pharmaceuticals,Taiwan,-0.0010027904495646183,Taiwan,0.0020055808991292366,Pharmaceuticals,Taiwan,0.0,5393512270000.0,0.0,-0.0020055808991292366
Real Estate,Taiwan,-0.0010027904495646183,Taiwan,0.0020055808991292366,Real Estate,Taiwan,0.0,1782132340000.0,0.0,-0.0020055808991292366
Retail,Taiwan,-0.0010027904495646183,Taiwan,0.0020055808991292366,Retail,Taiwan,0.0,5419264170000.0,0.0,-0.0020055808991292366
Technology,Taiwan,0.000474512054782473,Taiwan,0.0020055808991292366,Technology,Taiwan,118870000000.0,23817025780000.0,0.00499096743220639,0.0029853865330771536
Electricity,Chile,0.0008652156555005535,Chile,0.0010204742492977373,Electricity,Chile,10090000000.0,2226610000000.0,0.004531552449688091,0.0035110782003903536
Food,Chile,-0.0005102371246488687,Chile,0.0010204742492977373,Food,Chile,0.0,2211748080000.0,0.0,-0.0010204742492977373
Insurance,Chile,-0.0005102371246488687,Chile,0.0010204742492977373,Insurance,Chile,0.0,3510225350000.0,0.0,-0.0010204742492977373
Oil&Gas,Chile,-0.0005102371246488687,Chile,0.0010204742492977373,Oil&Gas,Chile,0.0,6614459610000.0,0.0,-0.0010204742492977373
Pharmaceuticals,Chile,-0.0005102371246488687,Chile,0.0010204742492977373,Pharmaceuticals,Chile,0.0,5393512270000.0,0.0,-0.0010204742492977373
Real Estate,Chile,4.174877791436661e-05,Chile,0.0010204742492977373,Real Estate,Chile,2790000000.0,1782132340000.0,0.001565540301008173,0.0005450660517104357
Retail,Chile,0.00013044846872505722,Chile,0.0010204742492977373,Retail,Chile,11200000000.0,5419264170000.0,0.002066701243685635,0.0010462269943878975
Technology,Chile,-0.0005102371246488687,Chile,0.0010204742492977373,Technology,Chile,0.0,23817025780000.0,0.0,-0.0010204742492977373
Electricity,South Africa,-0.0008143202655509809,South Africa,0.0016286405311019619,Electricity,South Africa,0.0,2226610000000.0,0.0,-0.0016286405311019619
Food,South Africa,0.0006112280341605362,South Africa,0.0016286405311019619,Food,South Africa,10780000000.0,2211748080000.0,0.004873972807970065,0.003245332276868103
Insurance,South Africa,0.0001661381632977766,South Africa,0.0016286405311019619,Insurance,South Africa,10850000000.0,3510225350000.0,0.0030909696438720094,0.0014623291127700475
Oil&Gas,South Africa,-8.982736487790912e-05,South Africa,0.0016286405311019619,Oil&Gas,South Africa,5620000000.0,6614459610000.0,0.0008496536877333808,-0.0007789868433685811
Pharmaceuticals,South Africa,3.4822272884607726e-08,South Africa,0.0016286405311019619,Pharmaceuticals,South Africa,8880000000.0,5393512270000.0,0.001646422508277709,1.7781977175747136e-05
Real Estate,South Africa,-0.00010845513346325361,South Africa,0.0016286405311019619,Real Estate,South Africa,1400000000.0,1782132340000.0,0.0007855757782836711,-0.0008430647528182908
Retail,South Africa,2.5048132302072843e-06,South Africa,0.0016286405311019619,Retail,South Africa,9660000000.0,5419264170000.0,0.00178252982267886,0.0001538892915768982
Technology,South Africa,-0.0008143202655509809,South Africa,0.0016286405311019619,Technology,South Africa,0.0,23817025780000.0,0.0,-0.0016286405311019619
Electricity,Russia,-0.0005105292342997617,Russia,0.0010210584685995234,Electricity,Russia,0.0,2226610000000.0,0.0,-0.0010210584685995234
Food,Russia,-0.0005105292342997617,Russia,0.0010210584685995234,Food,Russia,0.0,2211748080000.0,0.0,-0.0010210584685995234
Insurance,Russia,-0.0005105292342997617,Russia,0.0010210584685995234,Insurance,Russia,0.0,3510225350000.0,0.0,-0.0010210584685995234
Oil&Gas,Russia,0.002282410277926003,Russia,0.0010210584685995234,Oil&Gas,Russia,54030000000.0,6614459610000.0,0.008168467748796187,0.007147409280196663
Pharmaceuticals,Russia,-0.0005105292342997617,Russia,0.0010210584685995234,Pharmaceuticals,Russia,0.0,5393512270000.0,0.0,-0.0010210584685995234
Real Estate,Russia,-0.0005105292342997617,Russia,0.0010210584685995234,Real Estate,Russia,0.0,1782132340000.0,0.0,-0.0010210584685995234
Retail,Russia,-0.0005105292342997617,Russia,0.0010210584685995234,Retail,Russia,0.0,5419264170000.0,0.0,-0.0010210584685995234
Technology,Russia,-0.0005105292342997617,Russia,0.0010210584685995234,Technology,Russia,0.0,23817025780000.0,0.0,-0.0010210584685995234
Electricity,Finland,0.00044955943927229625,Finland,0.0022499975352037707,Electricity,Finland,11730000000.0,2226610000000.0,0.005268098140222131,0.0030181006050183606
Food,Finland,-0.0011249987676018854,Finland,0.0022499975352037707,Food,Finland,0.0,2211748080000.0,0.0,-0.0022499975352037707
Insurance,Finland,0.000636284977300523,Finland,0.0022499975352037707,Insurance,Finland,21040000000.0,3510225350000.0,0.0059939171711582565,0.0037439196359544858
Oil&Gas,Finland,8.182514052053412e-05,Finland,0.0022499975352037707,Oil&Gas,Finland,22330000000.0,6614459610000.0,0.003375937161403273,0.0011259396261995023
Pharmaceuticals,Finland,-0.00020632018093047917,Finland,0.0022499975352037707,Pharmaceuticals,Finland,4980000000.0,5393512270000.0,0.0009233315418043908,-0.00132666599339938
Real Estate,Finland,-0.0011249987676018854,Finland,0.0022499975352037707,Real Estate,Finland,0.0,1782132340000.0,0.0,-0.0022499975352037707
Retail,Finland,-5.503032582262262e-05,Finland,0.0022499975352037707,Retail,Finland,8110000000.0,5419264170000.0,0.001496513132704509,-0.0007534844024992618
Technology,Finland,-0.00019905548613089548,Finland,0.0022499975352037707,Technology,Finland,22440000000.0,23817025780000.0,0.0009421831343376074,-0.0013078144008661632
Electricity,UK,-0.00042128248337079286,UK,0.04114412805349199,Electricity,UK,71070000000.0,2226610000000.0,0.03191847696722821,-0.009225651086263782
Food,UK,0.008047808508069406,UK,0.04114412805349199,Food,UK,211490000000.0,2211748080000.0,0.09562119750998044,0.05447706945648845
Insurance,UK,2.3456564794996403e-05,UK,0.04114412805349199,Insurance,UK,152660000000.0,3510225350000.0,0.04349008533027659,0.002345957276784598
Oil&Gas,UK,0.0009858055971762895,UK,0.04114412805349199,Oil&Gas,UK,380520000000.0,6614459610000.0,0.05752850912033916,0.01638438106684717
Pharmaceuticals,UK,0.0010694973604096127,UK,0.04114412805349199,Pharmaceuticals,UK,314284520000.0,5393512270000.0,0.05827084546523151,0.017126717411739517
Real Estate,UK,-0.002064018130161642,UK,0.04114412805349199,Real Estate,UK,39640000000.0,1782132340000.0,0.02224301703654623,-0.01890111101694576
Retail,UK,-0.0029651129302595315,UK,0.04114412805349199,Retail,UK,103720000000.0,5419264170000.0,0.01913912973170304,-0.02200499832178895
Technology,UK,-0.01778997292422367,UK,0.04114412805349199,Technology,UK,22430000000.0,23817025780000.0,0.0009417632666306834,-0.04020236478686131
Electricity,Greece,0.00041831696158990255,Greece,0.00045885605530840705,Electricity,Greece,4720000000.0,2226610000000.0,0.0021198144264150437,0.0016609583711066367
Food,Greece,-0.00022942802765420353,Greece,0.00045885605530840705,Food,Greece,0.0,2211748080000.0,0.0,-0.00045885605530840705
Insurance,Greece,-0.00022942802765420353,Greece,0.00045885605530840705,Insurance,Greece,0.0,3510225350000.0,0.0,-0.00045885605530840705
Oil&Gas,Greece,4.417878003098301e-05,Greece,0.00045885605530840705,Oil&Gas,Greece,5670000000.0,6614459610000.0,0.0008572128842434642,0.0003983568289350572
Pharmaceuticals,Greece,-0.00022942802765420353,Greece,0.00045885605530840705,Pharmaceuticals,Greece,0.0,5393512270000.0,0.0,-0.00045885605530840705
Real Estate,Greece,-0.00022942802765420353,Greece,0.00045885605530840705,Real Estate,Greece,0.0,1782132340000.0,0.0,-0.00045885605530840705
Retail,Greece,1.739648562386276e-05,Greece,0.00045885605530840705,Retail,Greece,3760000000.0,5419264170000.0,0.0006938211318087489,0.00023496507650034183
Technology,Greece,-0.00022942802765420353,Greece,0.00045885605530840705,Technology,Greece,0.0,23817025780000.0,0.0,-0.00045885605530840705
Electricity,Luxembourg,-0.0003084927638440422,Luxembourg,0.0006169855276880844,Electricity,Luxembourg,0.0,2226610000000.0,0.0,-0.0006169855276880844
Food,Luxembourg,-0.0003084927638440422,Luxembourg,0.0006169855276880844,Food,Luxembourg,0.0,2211748080000.0,0.0,-0.0006169855276880844
Insurance,Luxembourg,-0.0003084927638440422,Luxembourg,0.0006169855276880844,Insurance,Luxembourg,0.0,3510225350000.0,0.0,-0.0006169855276880844
Oil&Gas,Luxembourg,-0.0003084927638440422,Luxembourg,0.0006169855276880844,Oil&Gas,Luxembourg,0.0,6614459610000.0,0.0,-0.0006169855276880844
Pharmaceuticals,Luxembourg,-0.00019787779976630847,Luxembourg,0.0006169855276880844,Pharmaceuticals,Luxembourg,300000000.0,5393512270000.0,5.562238203640909e-05,-0.0005613631456516753
Real Estate,Luxembourg,0.0003863320412216018,Luxembourg,0.0006169855276880844,Real Estate,Luxembourg,4171800000.0,1782132340000.0,0.0023409035941741566,0.0017239180664860721
Retail,Luxembourg,0.0003328100667791433,Luxembourg,0.0006169855276880844,Retail,Luxembourg,11795530000.0,5419264170000.0,0.002176592546511716,0.0015596070188236314
Technology,Luxembourg,-2.4065692025524322e-05,Luxembourg,0.0006169855276880844,Technology,Luxembourg,8640000000.0,23817025780000.0,0.00036276569878239433,-0.0002542198289056901
Electricity,Turkey,-0.00028946675727865346,Turkey,0.0005789335145573069,Electricity,Turkey,0.0,2226610000000.0,0.0,-0.0005789335145573069
Food,Turkey,6.350191044049628e-05,Turkey,0.0005789335145573069,Food,Turkey,2480000000.0,2211748080000.0,0.001121285024468067,0.00054235150991076
Insurance,Turkey,-0.00028946675727865346,Turkey,0.0005789335145573069,Insurance,Turkey,0.0,3510225350000.0,0.0,-0.0005789335145573069
Oil&Gas,Turkey,0.00020675082405315878,Turkey,0.0005789335145573069,Oil&Gas,Turkey,11220000000.0,6614459610000.0,0.0016962836968627284,0.0011173501823054214
Pharmaceuticals,Turkey,-0.00028946675727865346,Turkey,0.0005789335145573069,Pharmaceuticals,Turkey,0.0,5393512270000.0,0.0,-0.0005789335145573069
Real Estate,Turkey,-0.00028946675727865346,Turkey,0.0005789335145573069,Real Estate,Turkey,0.0,1782132340000.0,0.0,-0.0005789335145573069
Retail,Turkey,0.000241365645016621,Turkey,0.0005789335145573069,Retail,Turkey,9830000000.0,5419264170000.0,0.0018138993951276599,0.001234965880570353
Technology,Turkey,-0.00028946675727865346,Turkey,0.0005789335145573069,Technology,Turkey,0.0,23817025780000.0,0.0,-0.0005789335145573069
Electricity,Philippines,0.0002786285211888395,Philippines,0.0007616426348457221,Electricity,Philippines,5020000000.0,2226610000000.0,0.002254548394195661,0.0014929057593499387
Food,Philippines,0.0008108823591730618,Philippines,0.0007616426348457221,Food,Philippines,8490000000.0,2211748080000.0,0.0038385926845701164,0.003076950049724394
Insurance,Philippines,-0.00038082131742286105,Philippines,0.0007616426348457221,Insurance,Philippines,0.0,3510225350000.0,0.0,-0.0007616426348457221
Oil&Gas,Philippines,-0.00038082131742286105,Philippines,0.0007616426348457221,Oil&Gas,Philippines,0.0,6614459610000.0,0.0,-0.0007616426348457221
Pharmaceuticals,Philippines,-0.00038082131742286105,Philippines,0.0007616426348457221,Pharmaceuticals,Philippines,0.0,5393512270000.0,0.0,-0.0007616426348457221
Real Estate,Philippines,-0.00038082131742286105,Philippines,0.0007616426348457221,Real Estate,Philippines,0.0,1782132340000.0,0.0,-0.0007616426348457221
Retail,Philippines,-0.00038082131742286105,Philippines,0.0007616426348457221,Retail,Philippines,0.0,5419264170000.0,0.0,-0.0007616426348457221
Technology,Philippines,-0.00038082131742286105,Philippines,0.0007616426348457221,Technology,Philippines,0.0,23817025780000.0,0.0,-0.0007616426348457221
Electricity,Canada,-0.00023652363122754006,Canada,0.026716411138796806,Electricity,Canada,47030000000.0,2226610000000.0,0.021121795015741417,-0.005594616123055389
Food,Canada,9.350014768507082e-05,Canada,0.026716411138796806,Food,Canada,67610000000.0,2211748080000.0,0.03056858084850242,0.0038521697097056128
Insurance,Canada,0.0018204561316334609,Canada,0.026716411138796806,Insurance,Canada,160510000000.0,3510225350000.0,0.04572640898966786,0.01900999785087105
Oil&Gas,Canada,0.003638836911300748,Canada,0.026716411138796806,Oil&Gas,Canada,364840000000.0,6614459610000.0,0.055157945094776985,0.02844153395598018
Pharmaceuticals,Canada,-0.010537938699674737,Canada,0.026716411138796806,Pharmaceuticals,Canada,6020000000.0,5393512270000.0,0.001116155799530609,-0.025600255339266197
Real Estate,Canada,-2.883186934020095e-05,Canada,0.026716411138796806,Real Estate,Canada,44000000000.0,1782132340000.0,0.024689524460343948,-0.0020268866784528584
Retail,Canada,2.48566881632798e-05,Canada,0.026716411138796806,Retail,Canada,155370000000.0,5419264170000.0,0.028669943949235454,0.0019535328104386476
Technology,Canada,-0.004641966237366215,Canada,0.026716411138796806,Technology,Canada,159120000000.0,23817025780000.0,0.006680934952575762,-0.020035476186221046
Electricity,Colombia,-0.000227248345084384,Colombia,0.000454496690168768,Electricity,Colombia,0.0,2226610000000.0,0.0,-0.000454496690168768
Food,Colombia,-0.000227248345084384,Colombia,0.000454496690168768,Food,Colombia,0.0,2211748080000.0,0.0,-0.000454496690168768
Insurance,Colombia,-0.000227248345084384,Colombia,0.000454496690168768,Insurance,Colombia,0.0,3510225350000.0,0.0,-0.000454496690168768
Oil&Gas,Colombia,0.0010159534922102608,Colombia,0.000454496690168768,Oil&Gas,Colombia,24050000000.0,6614459610000.0,0.003635973521350144,0.003181476831181376
Pharmaceuticals,Colombia,-0.000227248345084384,Colombia,0.000454496690168768,Pharmaceuticals,Colombia,0.0,5393512270000.0,0.0,-0.000454496690168768
Real Estate,Colombia,-0.000227248345084384,Colombia,0.000454496690168768,Real Estate,Colombia,0.0,1782132340000.0,0.0,-0.000454496690168768
Retail,Colombia,-0.000227248345084384,Colombia,0.000454496690168768,Retail,Colombia,0.0,5419264170000.0,0.0,-0.000454496690168768
Technology,Colombia,-0.000227248345084384,Colombia,0.000454496690168768,Technology,Colombia,0.0,23817025780000.0,0.0,-0.000454496690168768
Electricity,Denmark,0.00020905892980269515,Denmark,0.01762862648928805,Electricity,Denmark,49970000000.0,2226610000000.0,0.022442187899991466,0.004813561410703417
Food,Denmark,-0.005615849650053188,Denmark,0.01762862648928805,Food,Denmark,3580000000.0,2211748080000.0,0.001618629188546645,-0.016009997300741406
Insurance,Denmark,-0.002559350826114987,Denmark,0.01762862648928805,Insurance,Denmark,18370000000.0,3510225350000.0,0.005233282244970398,-0.012395344244317652
Oil&Gas,Denmark,-0.008814313244644024,Denmark,0.01762862648928805,Oil&Gas,Denmark,0.0,6614459610000.0,0.0,-0.01762862648928805
Pharmaceuticals,Denmark,0.02716439615662195,Denmark,0.01762862648928805,Pharmaceuticals,Denmark,597650000000.0,5393512270000.0,0.11080905541353298,0.09318042892424493
Real Estate,Denmark,-0.006624234899015939,Denmark,0.01762862648928805,Real Estate,Denmark,1650000000.0,1782132340000.0,0.0009258571672628981,-0.016702769322025152
Retail,Denmark,-0.008814313244644024,Denmark,0.01762862648928805,Retail,Denmark,0.0,5419264170000.0,0.0,-0.01762862648928805
Technology,Denmark,-0.008814313244644024,Denmark,0.01762862648928805,Technology,Denmark,0.0,23817025780000.0,0.0,-0.01762862648928805
Electricity,Iceland,-0.000166583567559516,Iceland,0.000333167135119032,Electricity,Iceland,0.0,2226610000000.0,0.0,-0.000333167135119032
Food,Iceland,0.00037421161781375404,Iceland,0.000333167135119032,Food,Iceland,3830000000.0,2211748080000.0,0.0017316619531099582,0.0013984948179909262
Insurance,Iceland,-1.545418248728527e-05,Iceland,0.000333167135119032,Insurance,Iceland,650000000.0,3510225350000.0,0.00018517329663749366,-0.00014799383848153834
Oil&Gas,Iceland,-0.000166583567559516,Iceland,0.000333167135119032,Oil&Gas,Iceland,0.0,6614459610000.0,0.0,-0.000333167135119032
Pharmaceuticals,Iceland,3.4334222438884044e-05,Iceland,0.000333167135119032,Pharmaceuticals,Iceland,3420000000.0,5393512270000.0,0.0006340951552150636,0.00030092802009603156
Real Estate,Iceland,-0.000166583567559516,Iceland,0.000333167135119032,Real Estate,Iceland,0.0,1782132340000.0,0.0,-0.000333167135119032
Retail,Iceland,-4.026881482678954e-05,Iceland,0.000333167135119032,Retail,Iceland,620000000.0,5419264170000.0,0.0001144066759897405,-0.0002187604591292915
Technology,Iceland,-0.000166583567559516,Iceland,0.000333167135119032,Technology,Iceland,0.0,23817025780000.0,0.0,-0.000333167135119032
Electricity,Hungary,-0.00011801960332542044,Hungary,0.00023603920665084087,Electricity,Hungary,0.0,2226610000000.0,0.0,-0.00023603920665084087
Food,Hungary,-0.00011801960332542044,Hungary,0.00023603920665084087,Food,Hungary,0.0,2211748080000.0,0.0,-0.00023603920665084087
Insurance,Hungary,-0.00011801960332542044,Hungary,0.00023603920665084087,Insurance,Hungary,0.0,3510225350000.0,0.0,-0.00023603920665084087
Oil&Gas,Hungary,0.0001788313848459916,Hungary,0.00023603920665084087,Oil&Gas,Hungary,6530000000.0,6614459610000.0,0.0009872310642169,0.000751191857566059
Pharmaceuticals,Hungary,0.0001496317229538348,Hungary,0.00023603920665084087,Pharmaceuticals,Hungary,4860000000.0,5393512270000.0,0.0009010825889898272,0.0006650433823389864
Real Estate,Hungary,-0.00011801960332542044,Hungary,0.00023603920665084087,Real Estate,Hungary,0.0,1782132340000.0,0.0,-0.00023603920665084087
Retail,Hungary,-0.00011801960332542044,Hungary,0.00023603920665084087,Retail,Hungary,0.0,5419264170000.0,0.0,-0.00023603920665084087
Technology,Hungary,-0.00011801960332542044,Hungary,0.00023603920665084087,Technology,Hungary,0.0,23817025780000.0,0.0,-0.00023603920665084087
Electricity,Kazakhstan,-0.00011241957852891908,Kazakhstan,0.00022483915705783815,Electricity,Kazakhstan,0.0,2226610000000.0,0.0,-0.00022483915705783815
Food,Kazakhstan,-0.00011241957852891908,Kazakhstan,0.00022483915705783815,Food,Kazakhstan,0.0,2211748080000.0,0.0,-0.00022483915705783815
Insurance,Kazakhstan,-0.00011241957852891908,Kazakhstan,0.00022483915705783815,Insurance,Kazakhstan,0.0,3510225350000.0,0.0,-0.00022483915705783815
Oil&Gas,Kazakhstan,-0.00011241957852891908,Kazakhstan,0.00022483915705783815,Oil&Gas,Kazakhstan,0.0,6614459610000.0,0.0,-0.00022483915705783815
Pharmaceuticals,Kazakhstan,-0.00011241957852891908,Kazakhstan,0.00022483915705783815,Pharmaceuticals,Kazakhstan,0.0,5393512270000.0,0.0,-0.00022483915705783815
Real Estate,Kazakhstan,-0.00011241957852891908,Kazakhstan,0.00022483915705783815,Real Estate,Kazakhstan,0.0,1782132340000.0,0.0,-0.00022483915705783815
Retail,Kazakhstan,-0.00011241957852891908,Kazakhstan,0.00022483915705783815,Retail,Kazakhstan,0.0,5419264170000.0,0.0,-0.00022483915705783815
Technology,Kazakhstan,0.0005025913977804779,Kazakhstan,0.00022483915705783815,Technology,Kazakhstan,42840000000.0,23817025780000.0,0.0017987132564627052,0.001573874099404867
Electricity,Austria,0.00010820597031569308,Austria,0.0011684892304854432,Electricity,Austria,4810000000.0,2226610000000.0,0.0021602346167492285,0.0009917453862637853
Food,Austria,-0.00013850916418962022,Austria,0.0011684892304854432,Food,Austria,900000000.0,2211748080000.0,0.0004069179524279275,-0.0007615712780575158
Insurance,Austria,6.265550953816668e-05,Austria,0.0011684892304854432,Insurance,Austria,6650000000.0,3510225350000.0,0.0018944652655989735,0.0007259760351135303
Oil&Gas,Austria,0.00014737211395549467,Austria,0.0011684892304854432,Oil&Gas,Austria,15590000000.0,6614459610000.0,0.002356957471844023,0.0011884682413585796
Pharmaceuticals,Austria,-0.0005842446152427216,Austria,0.0011684892304854432,Pharmaceuticals,Austria,0.0,5393512270000.0,0.0,-0.0011684892304854432
Real Estate,Austria,0.0001776843692319091,Austria,0.0011684892304854432,Real Estate,Austria,4450000000.0,1782132340000.0,0.0024970087238302403,0.001328519493344797
Retail,Austria,-0.0005842446152427216,Austria,0.0011684892304854432,Retail,Austria,0.0,5419264170000.0,0.0,-0.0011684892304854432
Technology,Austria,-0.0004931051383250585,Austria,0.0011684892304854432,Technology,Austria,770000000.0,23817025780000.0,3.23298134331532e-05,-0.00113615941705229
Electricity,Poland,9.490435763830166e-05,Poland,0.0012228954736070378,Electricity,Poland,4810000000.0,2226610000000.0,0.0021602346167492285,0.0009373391431421907
Food,Poland,-0.0006114477368035189,Poland,0.0012228954736070378,Food,Poland,0.0,2211748080000.0,0.0,-0.0012228954736070378
Insurance,Poland,0.0002696471749224887,Poland,0.0012228954736070378,Insurance,Poland,10410000000.0,3510225350000.0,0.0029656215661481677,0.00174272609254113
Oil&Gas,Poland,0.0002682830192001046,Poland,0.0012228954736070378,Oil&Gas,Poland,19580000000.0,6614459610000.0,0.002960181353348683,0.001737285879741645
Pharmaceuticals,Poland,-0.0006114477368035189,Poland,0.0012228954736070378,Pharmaceuticals,Poland,0.0,5393512270000.0,0.0,-0.0012228954736070378
Real Estate,Poland,-0.0006114477368035189,Poland,0.0012228954736070378,Real Estate,Poland,0.0,1782132340000.0,0.0,-0.0012228954736070378
Retail,Poland,2.2039692588703385e-05,Poland,0.0012228954736070378,Retail,Poland,8890000000.0,5419264170000.0,0.0016404441121754727,0.0004175486385684349
Technology,Poland,-0.00047238127472863146,Poland,0.0012228954736070378,Technology,Poland,1350000000.0,23817025780000.0,5.668214043474911e-05,-0.0011662133331722887
Electricity,New Zealand,-9.11302633158355e-05,New Zealand,0.000182260526631671,Electricity,New Zealand,0.0,2226610000000.0,0.0,-0.000182260526631671
Food,New Zealand,0.00031425718772831935,New Zealand,0.000182260526631671,Food,New Zealand,2720000000.0,2211748080000.0,0.0012297964784488476,0.0010475359518171766
Insurance,New Zealand,-9.11302633158355e-05,New Zealand,0.000182260526631671,Insurance,New Zealand,0.0,3510225350000.0,0.0,-0.000182260526631671
Oil&Gas,New Zealand,1.865060874594028e-06,New Zealand,0.000182260526631671,Oil&Gas,New Zealand,1510000000.0,6614459610000.0,0.00022828773460452047,4.602720797284947e-05
Pharmaceuticals,New Zealand,-9.11302633158355e-05,New Zealand,0.000182260526631671,Pharmaceuticals,New Zealand,0.0,5393512270000.0,0.0,-0.000182260526631671
Real Estate,New Zealand,-9.11302633158355e-05,New Zealand,0.000182260526631671,Real Estate,New Zealand,0.0,1782132340000.0,0.0,-0.000182260526631671
Retail,New Zealand,-9.11302633158355e-05,New Zealand,0.000182260526631671,Retail,New Zealand,0.0,5419264170000.0,0.0,-0.000182260526631671
Technology,New Zealand,-9.11302633158355e-05,New Zealand,0.000182260526631671,Technology,New Zealand,0.0,23817025780000.0,0.0,-0.000182260526631671
Electricity,Hong Kong,-6.321246048436168e-05,Hong Kong,0.01909952867681602,Electricity,Hong Kong,36960000000.0,2226610000000.0,0.016599224830572034,-0.002500303846243987
Food,Hong Kong,-0.0018980165844861615,Hong Kong,0.01909952867681602,Food,Hong Kong,16530000000.0,2211748080000.0,0.007473726392926269,-0.011625802283889753
Insurance,Hong Kong,2.690068588288429e-05,Hong Kong,0.01909952867681602,Insurance,Hong Kong,73100000000.0,3510225350000.0,0.020824873821847365,0.0017253451450313442
Oil&Gas,Hong Kong,-0.0035454037415474163,Hong Kong,0.01909952867681602,Oil&Gas,Hong Kong,29390000000.0,6614459610000.0,0.004443295708627057,-0.014656232968188965
Pharmaceuticals,Hong Kong,-0.006738854568494581,Hong Kong,0.01909952867681602,Pharmaceuticals,Hong Kong,6910000000.0,5393512270000.0,0.0012811688662386226,-0.0178183598105774
Real Estate,Hong Kong,0.02103152494443994,Hong Kong,0.01909952867681602,Real Estate,Hong Kong,174900000000.0,1782132340000.0,0.0981408597298672,0.07904133105305118
Retail,Hong Kong,-0.004493164850706426,Hong Kong,0.01909952867681602,Retail,Hong Kong,17590000000.0,5419264170000.0,0.0032458281139669926,-0.01585370056284903
Technology,Hong Kong,-0.007553059053440164,Hong Kong,0.01909952867681602,Technology,Hong Kong,18750000000.0,23817025780000.0,0.0007872519504826265,-0.018312276726333395
Electricity,Romania,5.5461734496430206e-05,Romania,0.00013611094557107852,Electricity,Romania,940000000.0,2226610000000.0,0.0004221664323792671,0.0002860554868081886
Food,Romania,-6.805547278553926e-05,Romania,0.00013611094557107852,Food,Romania,0.0,2211748080000.0,0.0,-0.00013611094557107852
Insurance,Romania,-6.805547278553926e-05,Romania,0.00013611094557107852,Insurance,Romania,0.0,3510225350000.0,0.0,-0.00013611094557107852
Oil&Gas,Romania,0.00013782701154652332,Romania,0.00013611094557107852,Oil&Gas,Romania,4410000000.0,6614459610000.0,0.0006667211321893611,0.0005306101866182826
Pharmaceuticals,Romania,-6.805547278553926e-05,Romania,0.00013611094557107852,Pharmaceuticals,Romania,0.0,5393512270000.0,0.0,-0.00013611094557107852
Real Estate,Romania,-6.805547278553926e-05,Romania,0.00013611094557107852,Real Estate,Romania,0.0,1782132340000.0,0.0,-0.00013611094557107852
Retail,Romania,-6.805547278553926e-05,Romania,0.00013611094557107852,Retail,Romania,0.0,5419264170000.0,0.0,-0.00013611094557107852
Technology,Romania,-6.805547278553926e-05,Romania,0.00013611094557107852,Technology,Romania,0.0,23817025780000.0,0.0,-0.00013611094557107852
Electricity,Cayman Islands,-4.922223659094055e-05,Cayman Islands,9.84444731818811e-05,Electricity,Cayman Islands,0.0,2226610000000.0,0.0,-9.84444731818811e-05
Food,Cayman Islands,0.00012219896730654165,Cayman Islands,9.84444731818811e-05,Food,Cayman Islands,1200000000.0,2211748080000.0,0.0005425572699039033,0.0004441127967220222
Insurance,Cayman Islands,2.3295536476809963e-05,Cayman Islands,9.84444731818811e-05,Insurance,Cayman Islands,860000000.0,3510225350000.0,0.00024499851555114546,0.00014655404236926437
Oil&Gas,Cayman Islands,-4.922223659094055e-05,Cayman Islands,9.84444731818811e-05,Oil&Gas,Cayman Islands,0.0,6614459610000.0,0.0,-9.84444731818811e-05
Pharmaceuticals,Cayman Islands,-4.922223659094055e-05,Cayman Islands,9.84444731818811e-05,Pharmaceuticals,Cayman Islands,0.0,5393512270000.0,0.0,-9.84444731818811e-05
Real Estate,Cayman Islands,-4.922223659094055e-05,Cayman Islands,9.84444731818811e-05,Real Estate,Cayman Islands,0.0,1782132340000.0,0.0,-9.84444731818811e-05
Retail,Cayman Islands,-4.922223659094055e-05,Cayman Islands,9.84444731818811e-05,Retail,Cayman Islands,0.0,5419264170000.0,0.0,-9.84444731818811e-05
Technology,Cayman Islands,-4.922223659094055e-05,Cayman Islands,9.84444731818811e-05,Technology,Cayman Islands,0.0,23817025780000.0,0.0,-9.84444731818811e-05
Electricity,Peru,-4.8073836627041624e-05,Peru,9.614767325408325e-05,Electricity,Peru,0.0,2226610000000.0,0.0,-9.614767325408325e-05
Food,Peru,-4.8073836627041624e-05,Peru,9.614767325408325e-05,Food,Peru,0.0,2211748080000.0,0.0,-9.614767325408325e-05
Insurance,Peru,0.00021492249893856195,Peru,9.614767325408325e-05,Insurance,Peru,2700000000.0,3510225350000.0,0.000769181386032666,0.0006730337127785828
Oil&Gas,Peru,-4.8073836627041624e-05,Peru,9.614767325408325e-05,Oil&Gas,Peru,0.0,6614459610000.0,0.0,-9.614767325408325e-05
Pharmaceuticals,Peru,-4.8073836627041624e-05,Peru,9.614767325408325e-05,Pharmaceuticals,Peru,0.0,5393512270000.0,0.0,-9.614767325408325e-05
Real Estate,Peru,-4.8073836627041624e-05,Peru,9.614767325408325e-05,Real Estate,Peru,0.0,1782132340000.0,0.0,-9.614767325408325e-05
Retail,Peru,-4.8073836627041624e-05,Peru,9.614767325408325e-05,Retail,Peru,0.0,5419264170000.0,0.0,-9.614767325408325e-05
Technology,Peru,-4.8073836627041624e-05,Peru,9.614767325408325e-05,Technology,Peru,0.0,23817025780000.0,0.0,-9.614767325408325e-05
Electricity,Indonesia,-4.3623555343856254e-05,Indonesia,0.0031795571940609127,Electricity,Indonesia,5260000000.0,2226610000000.0,0.0023623355684201544,-0.0008172216256407583
Food,Indonesia,0.0020236927164604176,Indonesia,0.0031795571940609127,Food,Indonesia,26900000000.0,2211748080000.0,0.0121623254670125,0.008982768272951587
Insurance,Indonesia,-0.0015897785970304563,Indonesia,0.0031795571940609127,Insurance,Indonesia,0.0,3510225350000.0,0.0,-0.0031795571940609127
Oil&Gas,Indonesia,0.0004753407453476409,Indonesia,0.0031795571940609127,Oil&Gas,Indonesia,44700000000.0,6614459610000.0,0.006757921680014612,0.0035783644859536997
Pharmaceuticals,Indonesia,-0.0015897785970304563,Indonesia,0.0031795571940609127,Pharmaceuticals,Indonesia,0.0,5393512270000.0,0.0,-0.0031795571940609127
Real Estate,Indonesia,-5.919886212937906e-05,Indonesia,0.0031795571940609127,Real Estate,Indonesia,3990000000.0,1782132340000.0,0.0022388909681084626,-0.00094066622595245
Retail,Indonesia,-0.0001679059333531126,Indonesia,0.0031795571940609127,Retail,Indonesia,9140000000.0,5419264170000.0,0.0016865758363648843,-0.0014929813576960284
Technology,Indonesia,-0.001099562820269425,Indonesia,0.0031795571940609127,Technology,Indonesia,5440000000.0,23817025780000.0,0.0002284080325666927,-0.00295114916149422
Electricity,Kuwait,-3.7924915561332835e-05,Kuwait,7.584983112266567e-05,Electricity,Kuwait,0.0,2226610000000.0,0.0,-7.584983112266567e-05
Food,Kuwait,-3.7924915561332835e-05,Kuwait,7.584983112266567e-05,Food,Kuwait,0.0,2211748080000.0,0.0,-7.584983112266567e-05
Insurance,Kuwait,0.00016954997138486546,Kuwait,7.584983112266567e-05,Insurance,Kuwait,2130000000.0,3510225350000.0,0.0006067986489813254,0.0005309488178586596
Oil&Gas,Kuwait,-3.7924915561332835e-05,Kuwait,7.584983112266567e-05,Oil&Gas,Kuwait,0.0,6614459610000.0,0.0,-7.584983112266567e-05
Pharmaceuticals,Kuwait,-3.7924915561332835e-05,Kuwait,7.584983112266567e-05,Pharmaceuticals,Kuwait,0.0,5393512270000.0,0.0,-7.584983112266567e-05
Real Estate,Kuwait,-3.7924915561332835e-05,Kuwait,7.584983112266567e-05,Real Estate,Kuwait,0.0,1782132340000.0,0.0,-7.584983112266567e-05
Retail,Kuwait,-3.7924915561332835e-05,Kuwait,7.584983112266567e-05,Retail,Kuwait,0.0,5419264170000.0,0.0,-7.584983112266567e-05
Technology,Kuwait,-3.7924915561332835e-05,Kuwait,7.584983112266567e-05,Technology,Kuwait,0.0,23817025780000.0,0.0,-7.584983112266567e-05
Electricity,Isle of Man,-2.1570703443223967e-05,Isle of Man,4.3141406886447935e-05,Electricity,Isle of Man,0.0,2226610000000.0,0.0,-4.3141406886447935e-05
Food,Isle of Man,-2.1570703443223967e-05,Isle of Man,4.3141406886447935e-05,Food,Isle of Man,0.0,2211748080000.0,0.0,-4.3141406886447935e-05
Insurance,Isle of Man,-2.1570703443223967e-05,Isle of Man,4.3141406886447935e-05,Insurance,Isle of Man,0.0,3510225350000.0,0.0,-4.3141406886447935e-05
Oil&Gas,Isle of Man,-2.1570703443223967e-05,Isle of Man,4.3141406886447935e-05,Oil&Gas,Isle of Man,0.0,6614459610000.0,0.0,-4.3141406886447935e-05
Pharmaceuticals,Isle of Man,-2.1570703443223967e-05,Isle of Man,4.3141406886447935e-05,Pharmaceuticals,Isle of Man,0.0,5393512270000.0,0.0,-4.3141406886447935e-05
Real Estate,Isle of Man,-2.1570703443223967e-05,Isle of Man,4.3141406886447935e-05,Real Estate,Isle of Man,0.0,1782132340000.0,0.0,-4.3141406886447935e-05
Retail,Isle of Man,-2.1570703443223967e-05,Isle of Man,4.3141406886447935e-05,Retail,Isle of Man,0.0,5419264170000.0,0.0,-4.3141406886447935e-05
Technology,Isle of Man,9.643560433603005e-05,Isle of Man,4.3141406886447935e-05,Technology,Isle of Man,8220000000.0,23817025780000.0,0.0003451312550915835,0.00030198984820513553
Electricity,Jordan,-1.1039177299542891e-05,Jordan,2.2078354599085783e-05,Electricity,Jordan,0.0,2226610000000.0,0.0,-2.2078354599085783e-05
Food,Jordan,-1.1039177299542891e-05,Jordan,2.2078354599085783e-05,Food,Jordan,0.0,2211748080000.0,0.0,-2.2078354599085783e-05
Insurance,Jordan,4.935257383033645e-05,Jordan,2.2078354599085783e-05,Insurance,Jordan,620000000.0,3510225350000.0,0.00017662683679268626,0.0001545484821936005
Oil&Gas,Jordan,-1.1039177299542891e-05,Jordan,2.2078354599085783e-05,Oil&Gas,Jordan,0.0,6614459610000.0,0.0,-2.2078354599085783e-05
Pharmaceuticals,Jordan,-1.1039177299542891e-05,Jordan,2.2078354599085783e-05,Pharmaceuticals,Jordan,0.0,5393512270000.0,0.0,-2.2078354599085783e-05
Real Estate,Jordan,-1.1039177299542891e-05,Jordan,2.2078354599085783e-05,Real Estate,Jordan,0.0,1782132340000.0,0.0,-2.2078354599085783e-05
Retail,Jordan,-1.1039177299542891e-05,Jordan,2.2078354599085783e-05,Retail,Jordan,0.0,5419264170000.0,0.0,-2.2078354599085783e-05
Technology,Jordan,-1.1039177299542891e-05,Jordan,2.2078354599085783e-05,Technology,Jordan,0.0,23817025780000.0,0.0,-2.2078354599085783e-05
Electricity,Gibraltar,-7.62971160802364e-06,Gibraltar,1.525942321604728e-05,Electricity,Gibraltar,0.0,2226610000000.0,0.0,-1.525942321604728e-05
Food,Gibraltar,3.410996084416124e-05,Gibraltar,1.525942321604728e-05,Food,Gibraltar,270000000.0,2211748080000.0,0.00012207538572837825,0.00010681596251233097
Insurance,Gibraltar,-7.62971160802364e-06,Gibraltar,1.525942321604728e-05,Insurance,Gibraltar,0.0,3510225350000.0,0.0,-1.525942321604728e-05
Oil&Gas,Gibraltar,-7.62971160802364e-06,Gibraltar,1.525942321604728e-05,Oil&Gas,Gibraltar,0.0,6614459610000.0,0.0,-1.525942321604728e-05
Pharmaceuticals,Gibraltar,-7.62971160802364e-06,Gibraltar,1.525942321604728e-05,Pharmaceuticals,Gibraltar,0.0,5393512270000.0,0.0,-1.525942321604728e-05
Real Estate,Gibraltar,-7.62971160802364e-06,Gibraltar,1.525942321604728e-05,Real Estate,Gibraltar,0.0,1782132340000.0,0.0,-1.525942321604728e-05
Retail,Gibraltar,-7.62971160802364e-06,Gibraltar,1.525942321604728e-05,Retail,Gibraltar,0.0,5419264170000.0,0.0,-1.525942321604728e-05
Technology,Gibraltar,-7.62971160802364e-06,Gibraltar,1.525942321604728e-05,Technology,Gibraltar,0.0,23817025780000.0,0.0,-1.525942321604728e-05
Electricity,Argentina,-7.557426704505472e-06,Argentina,0.0005657910154407079,Electricity,Argentina,940000000.0,2226610000000.0,0.0004221664323792671,-0.00014362458306144078
Food,Argentina,-0.00028289550772035395,Argentina,0.0005657910154407079,Food,Argentina,0.0,2211748080000.0,0.0,-0.0005657910154407079
Insurance,Argentina,-0.00028289550772035395,Argentina,0.0005657910154407079,Insurance,Argentina,0.0,3510225350000.0,0.0,-0.0005657910154407079
Oil&Gas,Argentina,-6.141269072030012e-06,Argentina,0.0005657910154407079,Oil&Gas,Argentina,2880000000.0,6614459610000.0,0.0004354097189808073,-0.00013038129645990063
Pharmaceuticals,Argentina,-0.00028289550772035395,Argentina,0.0005657910154407079,Pharmaceuticals,Argentina,0.0,5393512270000.0,0.0,-0.0005657910154407079
Real Estate,Argentina,-3.932434982722336e-06,Argentina,0.0005657910154407079,Real Estate,Argentina,820000000.0,1782132340000.0,0.0004601229558518645,-0.00010566805958884341
Retail,Argentina,-0.00028289550772035395,Argentina,0.0005657910154407079,Retail,Argentina,0.0,5419264170000.0,0.0,-0.0005657910154407079
Technology,Argentina,0.0007367788401612582,Argentina,0.0005657910154407079,Technology,Argentina,76420000000.0,23817025780000.0,0.003208629016313724,0.002642838000873016
Electricity,France,-3.2189555896682215e-06,France,0.018982292487581733,Electricity,France,40980000000.0,2226610000000.0,0.018404659998832305,-0.0005776324887494279
Food,France,0.0003099721104905598,France,0.018982292487581733,Food,France,55580000000.0,2211748080000.0,0.02512944421771579,0.006147151730134057
Insurance,France,0.0003202316862818107,France,0.018982292487581733,Insurance,France,88590000000.0,3510225350000.0,0.02523769592171625,0.006255403434134516
Oil&Gas,France,0.00045151590221072756,France,0.018982292487581733,Oil&Gas,France,175360000000.0,6614459610000.0,0.026511614000164708,0.007529321512582975
Pharmaceuticals,France,0.000304480239843561,France,0.018982292487581733,Pharmaceuticals,France,135220000000.0,5393512270000.0,0.025070861663210788,0.006088569175629055
Real Estate,France,2.5803722178424182e-05,France,0.018982292487581733,Real Estate,France,36830000000.0,1782132340000.0,0.02066625422441972,0.0016839617368379876
Retail,France,-0.0050832023832295,France,0.018982292487581733,Retail,France,13990000000.0,5419264170000.0,0.002581531285639467,-0.016400761201942265
Technology,France,-0.001565411923042134,France,0.018982292487581733,Technology,France,196640000000.0,23817025780000.0,0.008256278588954863,-0.01072601389862687
Electricity,Israel,-1.1086739862490645e-06,Israel,0.0017782158549853964,Electricity,Israel,3730000000.0,2226610000000.0,0.0016751923327390067,-0.00010302352224638963
Food,Israel,-9.585555990734087e-05,Israel,0.0017782158549853964,Food,Israel,2070000000.0,2211748080000.0,0.0009359112905842333,-0.0008423045644011631
Insurance,Israel,-0.00024914955745575565,Israel,0.0017782158549853964,Insurance,Israel,1910000000.0,3510225350000.0,0.0005441246101194044,-0.001234091244865992
Oil&Gas,Israel,-0.0008891079274926982,Israel,0.0017782158549853964,Oil&Gas,Israel,0.0,6614459610000.0,0.0,-0.0017782158549853964
Pharmaceuticals,Israel,0.00014386383550167993,Israel,0.0017782158549853964,Pharmaceuticals,Israel,17120000000.0,5393512270000.0,0.0031741839348777452,0.0013959680798923488
Real Estate,Israel,0.001185792143249932,Israel,0.0017782158549853964,Real Estate,Israel,12410000000.0,1782132340000.0,0.0069635681489288274,0.005185352293943431
Retail,Israel,-0.0004066040326334616,Israel,0.0017782158549853964,Retail,Israel,1710000000.0,5419264170000.0,0.0003155409934555746,-0.0014626748615298218
Technology,Israel,-0.00021176062656954285,Israel,0.0017782158549853964,Technology,Israel,14700000000.0,23817025780000.0,0.0006172055291783792,-0.0011610103258070173
