,document,Cause,Deaths
0,1990,HIV/AIDS,-0.0033616386602331435
1,1991,HIV/AIDS,-0.0024000926750690826
2,1992,HIV/AIDS,-0.001566375245971357
3,1993,HIV/AIDS,-0.0009188617119143573
4,1994,HIV/AIDS,-0.0004650889603030838
5,1995,HIV/AIDS,-0.00015146559703321555
6,1996,HIV/AIDS,-2.316264234167374e-05
7,1997,HIV/AIDS,1.7486336420068224e-06
8,1998,HIV/AIDS,6.337257177253569e-05
9,1999,HIV/AIDS,0.00020266839383096787
10,2000,HIV/AIDS,0.00038412001561047987
11,2001,HIV/AIDS,0.0005757810404576455
12,2002,HIV/AIDS,0.0007327357113572725
13,2003,HIV/AIDS,0.0008714754181114222
14,2004,HIV/AIDS,0.0009436095835455224
15,2005,HIV/AIDS,0.000888331050481599
16,2006,HIV/AIDS,0.0007399274815046565
17,2007,HIV/AIDS,0.0005091426171806913
18,2008,HIV/AIDS,0.00026975853753211836
19,2009,HIV/AIDS,0.00013336142394359575
20,2010,HIV/AIDS,4.00964268569261e-05
21,2011,HIV/AIDS,4.581920635946305e-06
22,2012,HIV/AIDS,-7.0923880768719e-06
23,2013,HIV/AIDS,-5.0316545693829e-05
24,2014,HIV/AIDS,-0.00011061859827163952
25,2015,HIV/AIDS,-0.0001877739560935982
26,2016,HIV/AIDS,-0.00026268953205033237
27,2017,HIV/AIDS,-0.0003846578931014973
28,2018,HIV/AIDS,-0.0005621345723316891
29,2019,HIV/AIDS,-0.0006937097624866223
30,1990,Diarrheal diseases,0.0013943891003021904
31,1991,Diarrheal diseases,0.0013178003156540776
32,1992,Diarrheal diseases,0.0011666138879579749
33,1993,Diarrheal diseases,0.0008809537391513116
34,1994,Diarrheal diseases,0.0006354374388789349
35,1995,Diarrheal diseases,0.0005143238659748115
36,1996,Diarrheal diseases,0.0004056768444949221
37,1997,Diarrheal diseases,0.0003233863753126934
38,1998,Diarrheal diseases,0.0002501524925032205
39,1999,Diarrheal diseases,0.0001626870553227233
40,2000,Diarrheal diseases,9.506897558300177e-05
41,2001,Diarrheal diseases,4.414212574901932e-05
42,2002,Diarrheal diseases,9.283561600453979e-06
43,2003,Diarrheal diseases,-3.1543946044836416e-08
44,2004,Diarrheal diseases,-1.3476613901855245e-05
45,2005,Diarrheal diseases,-3.3752731252898686e-05
46,2006,Diarrheal diseases,-3.8465941753662147e-05
47,2007,Diarrheal diseases,-5.9341160989814226e-05
48,2008,Diarrheal diseases,-0.00010206845399529652
49,2009,Diarrheal diseases,-0.00015862626678448451
50,2010,Diarrheal diseases,-0.0002417157380202985
51,2011,Diarrheal diseases,-0.00027726867276272986
52,2012,Diarrheal diseases,-0.0003966856837724431
53,2013,Diarrheal diseases,-0.0005065642372872573
54,2014,Diarrheal diseases,-0.0006663330045162466
55,2015,Diarrheal diseases,-0.0008292942437265602
56,2016,Diarrheal diseases,-0.000978296275317445
57,2017,Diarrheal diseases,-0.00104119602773495
58,2018,Diarrheal diseases,-0.001280838657799886
59,2019,Diarrheal diseases,-0.0015087213555670474
60,1990,Lower respiratory infections,0.0009448597403745032
61,1991,Lower respiratory infections,0.0007871183760312615
62,1992,Lower respiratory infections,0.0006846093426028047
63,1993,Lower respiratory infections,0.0005381097002666382
64,1994,Lower respiratory infections,0.00037457323251926123
65,1995,Lower respiratory infections,0.00032459630610427075
66,1996,Lower respiratory infections,0.00024464609180122054
67,1997,Lower respiratory infections,0.0001760676222129602
68,1998,Lower respiratory infections,0.00011352393531076973
69,1999,Lower respiratory infections,5.7475642259356566e-05
70,2000,Lower respiratory infections,2.2423413214444905e-05
71,2001,Lower respiratory infections,2.747852607514151e-06
72,2002,Lower respiratory infections,-8.68489539317726e-07
73,2003,Lower respiratory infections,-8.621816557362848e-06
74,2004,Lower respiratory infections,-2.672843248548119e-05
75,2005,Lower respiratory infections,-4.0992596823833955e-05
76,2006,Lower respiratory infections,-5.255178105633036e-05
77,2007,Lower respiratory infections,-7.152957081055082e-05
78,2008,Lower respiratory infections,-0.00010390381251159818
79,2009,Lower respiratory infections,-0.00012016148174948853
80,2010,Lower respiratory infections,-0.00016707280260625694
81,2011,Lower respiratory infections,-0.00018422345376856337
82,2012,Lower respiratory infections,-0.00019568712987193477
83,2013,Lower respiratory infections,-0.00020166524773846837
84,2014,Lower respiratory infections,-0.00022523396955267342
85,2015,Lower respiratory infections,-0.0002574242111741975
86,2016,Lower respiratory infections,-0.00030741443760093877
87,2017,Lower respiratory infections,-0.00037532350542925476
88,2018,Lower respiratory infections,-0.00042978290713485516
89,2019,Lower respiratory infections,-0.0004789228221199881
90,1990,Nutritional deficiencies,0.0008186305721466051
91,1991,Nutritional deficiencies,0.0006704486457189884
92,1992,Nutritional deficiencies,0.0005417579604631705
93,1993,Nutritional deficiencies,0.0004168864293026633
94,1994,Nutritional deficiencies,0.00030384383739355146
95,1995,Nutritional deficiencies,0.0005261238194735555
96,1996,Nutritional deficiencies,0.0003600798343437995
97,1997,Nutritional deficiencies,0.00028024175086006757
98,1998,Nutritional deficiencies,0.00020210801373007924
99,1999,Nutritional deficiencies,0.00013186352474224658
100,2000,Nutritional deficiencies,8.257308756030163e-05
101,2001,Nutritional deficiencies,4.4195528445501245e-05
102,2002,Nutritional deficiencies,1.6877174855040164e-05
103,2003,Nutritional deficiencies,-2.510425978001393e-05
104,2004,Nutritional deficiencies,-5.4549100475746195e-05
105,2005,Nutritional deficiencies,-8.56684896903871e-05
106,2006,Nutritional deficiencies,-0.00011119879724763799
107,2007,Nutritional deficiencies,-0.00014688114362541025
108,2008,Nutritional deficiencies,-0.00018946924940419158
109,2009,Nutritional deficiencies,-0.0002233458546453508
110,2010,Nutritional deficiencies,-0.000236235913231351
111,2011,Nutritional deficiencies,-0.0002621826022087795
112,2012,Nutritional deficiencies,-0.000325803452418987
113,2013,Nutritional deficiencies,-0.0003604918302492575
114,2014,Nutritional deficiencies,-0.0003979345321829266
115,2015,Nutritional deficiencies,-0.00043848760449830904
116,2016,Nutritional deficiencies,-0.0004770710852658065
117,2017,Nutritional deficiencies,-0.0005169858298770347
118,2018,Nutritional deficiencies,-0.0005858179767940237
119,2019,Nutritional deficiencies,-0.00064550370235313
120,1990,Neonatal disorders,0.0007761928234513637
121,1991,Neonatal disorders,0.0006451043560447003
122,1992,Neonatal disorders,0.0005519764802137551
123,1993,Neonatal disorders,0.00043170046705263195
124,1994,Neonatal disorders,0.0003031535875509385
125,1995,Neonatal disorders,0.00027497823380395357
126,1996,Neonatal disorders,0.0002265732806888605
127,1997,Neonatal disorders,0.00017931082854783257
128,1998,Neonatal disorders,0.0001352667640512526
129,1999,Neonatal disorders,8.738009652449691e-05
130,2000,Neonatal disorders,5.6298923718794795e-05
131,2001,Neonatal disorders,3.27575474894442e-05
132,2002,Neonatal disorders,1.5778922208688358e-05
133,2003,Neonatal disorders,7.665339286166886e-06
134,2004,Neonatal disorders,2.207158799649863e-06
135,2005,Neonatal disorders,-2.2145965556076227e-09
136,2006,Neonatal disorders,-9.420400972220977e-07
137,2007,Neonatal disorders,-6.431737277545757e-06
138,2008,Neonatal disorders,-2.4924454070293037e-05
139,2009,Neonatal disorders,-3.7598680843578796e-05
140,2010,Neonatal disorders,-7.876160152902006e-05
141,2011,Neonatal disorders,-0.00011240958964281195
142,2012,Neonatal disorders,-0.00015964679052375783
143,2013,Neonatal disorders,-0.00021966118091661622
144,2014,Neonatal disorders,-0.0003185580136955677
145,2015,Neonatal disorders,-0.00044131785324112455
146,2016,Neonatal disorders,-0.0006337357005488133
147,2017,Neonatal disorders,-0.0008598306384693206
148,2018,Neonatal disorders,-0.0011204994379020615
149,2019,Neonatal disorders,-0.0013877767750076686
150,1990,Protein-energy malnutrition,0.0006958659121982622
151,1991,Protein-energy malnutrition,0.000564966177526357
152,1992,Protein-energy malnutrition,0.0004539104642595248
153,1993,Protein-energy malnutrition,0.0003500866702845387
154,1994,Protein-energy malnutrition,0.0002571638087197933
155,1995,Protein-energy malnutrition,0.0004933959760429383
156,1996,Protein-energy malnutrition,0.0003359098620028542
157,1997,Protein-energy malnutrition,0.0002633593303578165
158,1998,Protein-energy malnutrition,0.00019476171411205432
159,1999,Protein-energy malnutrition,0.00013322843875812878
160,2000,Protein-energy malnutrition,8.72020540448762e-05
161,2001,Protein-energy malnutrition,4.9827340857363936e-05
162,2002,Protein-energy malnutrition,2.2666965839419093e-05
163,2003,Protein-energy malnutrition,-2.040370719790793e-05
164,2004,Protein-energy malnutrition,-4.513864927618264e-05
165,2005,Protein-energy malnutrition,-7.277610953964632e-05
166,2006,Protein-energy malnutrition,-9.723100430429686e-05
167,2007,Protein-energy malnutrition,-0.00013082388155435032
168,2008,Protein-energy malnutrition,-0.000171593180283687
169,2009,Protein-energy malnutrition,-0.00020261526987610872
170,2010,Protein-energy malnutrition,-0.00021265438816825682
171,2011,Protein-energy malnutrition,-0.0002384226282815177
172,2012,Protein-energy malnutrition,-0.0003026820109260607
173,2013,Protein-energy malnutrition,-0.0003352775183573036
174,2014,Protein-energy malnutrition,-0.0003713550979717738
175,2015,Protein-energy malnutrition,-0.00040890089929674386
176,2016,Protein-energy malnutrition,-0.00044527514610220647
177,2017,Protein-energy malnutrition,-0.00048412274081244136
178,2018,Protein-energy malnutrition,-0.0005502414553480901
179,2019,Protein-energy malnutrition,-0.0006064454276726574
180,1990,Neoplasms,-0.0006887669084989327
181,1991,Neoplasms,-0.0006292890965449187
182,1992,Neoplasms,-0.0005350789366147879
183,1993,Neoplasms,-0.00045244942720658755
184,1994,Neoplasms,-0.0004599566175432822
185,1995,Neoplasms,-0.0003526815921636832
186,1996,Neoplasms,-0.0002929590939963287
187,1997,Neoplasms,-0.00025584415551859526
188,1998,Neoplasms,-0.00021085703948884888
189,1999,Neoplasms,-0.00016514579121090518
190,2000,Neoplasms,-0.00011726910510821047
191,2001,Neoplasms,-8.785773101360446e-05
192,2002,Neoplasms,-6.264476749687177e-05
193,2003,Neoplasms,-3.20797597734364e-05
194,2004,Neoplasms,-1.4275951102820207e-05
195,2005,Neoplasms,-1.9267968934875805e-06
196,2006,Neoplasms,4.6614427241421113e-07
197,2007,Neoplasms,1.0311406041017476e-05
198,2008,Neoplasms,2.3692775493187315e-05
199,2009,Neoplasms,7.338651883751672e-05
200,2010,Neoplasms,0.00010299938514433775
201,2011,Neoplasms,0.00017056135076997866
202,2012,Neoplasms,0.00023559967889131596
203,2013,Neoplasms,0.0002935200703971276
204,2014,Neoplasms,0.000369622306564581
205,2015,Neoplasms,0.00045783638153999284
206,2016,Neoplasms,0.0005607708311540661
207,2017,Neoplasms,0.0006658605404643424
208,2018,Neoplasms,0.000792132488337682
209,2019,Neoplasms,0.0009364594979419973
210,1990,Alzheimer's disease and other dementias,-0.000559134331706913
211,1991,Alzheimer's disease and other dementias,-0.0004990762164016581
212,1992,Alzheimer's disease and other dementias,-0.00043722920414474486
213,1993,Alzheimer's disease and other dementias,-0.00039252450899022106
214,1994,Alzheimer's disease and other dementias,-0.0003662777846281239
215,1995,Alzheimer's disease and other dementias,-0.00030281507741006654
216,1996,Alzheimer's disease and other dementias,-0.0002534149863226943
217,1997,Alzheimer's disease and other dementias,-0.00021863089632911232
218,1998,Alzheimer's disease and other dementias,-0.00018701710579244147
219,1999,Alzheimer's disease and other dementias,-0.0001615515477701075
220,2000,Alzheimer's disease and other dementias,-0.00013036167738653516
221,2001,Alzheimer's disease and other dementias,-9.785342767714691e-05
222,2002,Alzheimer's disease and other dementias,-7.04480817886765e-05
223,2003,Alzheimer's disease and other dementias,-4.3666449615948895e-05
224,2004,Alzheimer's disease and other dementias,-2.2942816914737433e-05
225,2005,Alzheimer's disease and other dementias,-7.901215450134883e-06
226,2006,Alzheimer's disease and other dementias,-1.2617288498621915e-07
227,2007,Alzheimer's disease and other dementias,3.826115183558777e-06
228,2008,Alzheimer's disease and other dementias,1.3965851416918148e-05
229,2009,Alzheimer's disease and other dementias,4.285039366095397e-05
230,2010,Alzheimer's disease and other dementias,7.230185303948593e-05
231,2011,Alzheimer's disease and other dementias,0.00012107170048982906
232,2012,Alzheimer's disease and other dementias,0.00017593475909587837
233,2013,Alzheimer's disease and other dementias,0.0002345055623572546
234,2014,Alzheimer's disease and other dementias,0.00030265878818497034
235,2015,Alzheimer's disease and other dementias,0.000368278941205349
236,2016,Alzheimer's disease and other dementias,0.0004554951384109179
237,2017,Alzheimer's disease and other dementias,0.0005524465227906054
238,2018,Alzheimer's disease and other dementias,0.0006370115280045574
239,2019,Alzheimer's disease and other dementias,0.0007080584802438379
240,1990,Cardiovascular diseases,-0.0004439673183884857
241,1991,Cardiovascular diseases,-0.00043774820747066734
242,1992,Cardiovascular diseases,-0.0003605399153105097
243,1993,Cardiovascular diseases,-0.00026047579344849747
244,1994,Cardiovascular diseases,-0.0002940100060458044
245,1995,Cardiovascular diseases,-0.00023532782131276825
246,1996,Cardiovascular diseases,-0.00021299945129405785
247,1997,Cardiovascular diseases,-0.00020024805859399607
248,1998,Cardiovascular diseases,-0.00019594783918317187
249,1999,Cardiovascular diseases,-0.00015558333566952683
250,2000,Cardiovascular diseases,-0.00010970956730042142
251,2001,Cardiovascular diseases,-6.96350391122375e-05
252,2002,Cardiovascular diseases,-3.2336697275111344e-05
253,2003,Cardiovascular diseases,-1.18491083653657e-05
254,2004,Cardiovascular diseases,-1.4893388512350527e-05
255,2005,Cardiovascular diseases,-1.4017133829953045e-06
256,2006,Cardiovascular diseases,-2.061821818526838e-07
257,2007,Cardiovascular diseases,1.3626049314224235e-06
258,2008,Cardiovascular diseases,6.887386505634047e-06
259,2009,Cardiovascular diseases,3.525141333925565e-05
260,2010,Cardiovascular diseases,6.064323469793858e-05
261,2011,Cardiovascular diseases,0.00011728674022250946
262,2012,Cardiovascular diseases,0.00016982914982201659
263,2013,Cardiovascular diseases,0.00022657065719640206
264,2014,Cardiovascular diseases,0.0002804928486525634
265,2015,Cardiovascular diseases,0.00037454569674504057
266,2016,Cardiovascular diseases,0.00046116844938402096
267,2017,Cardiovascular diseases,0.0005465989632803554
268,2018,Cardiovascular diseases,0.0006640685922023343
269,2019,Cardiovascular diseases,0.0007778402755729084
270,1990,Tuberculosis,0.0004294044653384002
271,1991,Tuberculosis,0.00040517969186751063
272,1992,Tuberculosis,0.0004150626974837807
273,1993,Tuberculosis,0.00030402866588421715
274,1994,Tuberculosis,0.00021403767466777546
275,1995,Tuberculosis,0.00019401518676884656
276,1996,Tuberculosis,0.00016452578485308747
277,1997,Tuberculosis,0.00015506479291287198
278,1998,Tuberculosis,0.0001365834937029609
279,1999,Tuberculosis,0.00010904118380384393
280,2000,Tuberculosis,9.125993783480656e-05
281,2001,Tuberculosis,5.616855792451377e-05
282,2002,Tuberculosis,2.6196101086148707e-05
283,2003,Tuberculosis,8.948480184328873e-06
284,2005,Tuberculosis,-2.4753727804896833e-06
285,2006,Tuberculosis,-8.673620017643621e-06
286,2007,Tuberculosis,-2.0247765164857078e-05
287,2008,Tuberculosis,-4.265272783365794e-05
288,2009,Tuberculosis,-6.947038340068151e-05
289,2010,Tuberculosis,-0.00012395756339342052
290,2011,Tuberculosis,-0.00016464508935300887
291,2012,Tuberculosis,-0.00018994900663134849
292,2013,Tuberculosis,-0.00021866626693510657
293,2014,Tuberculosis,-0.0002525616818160295
294,2015,Tuberculosis,-0.0003267357831222722
295,2016,Tuberculosis,-0.00038523402229118835
296,2017,Tuberculosis,-0.000446163242181016
297,2018,Tuberculosis,-0.0005494772367292838
298,2019,Tuberculosis,-0.00066089356967329
299,1990,Diabetes mellitus,-0.0003594478804665063
300,1991,Diabetes mellitus,-0.0003297017893205173
301,1992,Diabetes mellitus,-0.0002857113891812993
302,1993,Diabetes mellitus,-0.0002508513296573692
303,1994,Diabetes mellitus,-0.00023486776275083616
304,1995,Diabetes mellitus,-0.0001885281257728924
305,1996,Diabetes mellitus,-0.00014658272533274496
306,1997,Diabetes mellitus,-0.00011132259980589448
307,1998,Diabetes mellitus,-8.510658958792009e-05
308,1999,Diabetes mellitus,-6.84425354710844e-05
309,2000,Diabetes mellitus,-4.953564780884386e-05
310,2001,Diabetes mellitus,-3.142676004018615e-05
311,2002,Diabetes mellitus,-1.6029346123375382e-05
312,2003,Diabetes mellitus,-6.0797576124106125e-06
313,2004,Diabetes mellitus,-2.703652272858587e-06
314,2006,Diabetes mellitus,1.8687230993683632e-06
315,2007,Diabetes mellitus,6.4420204047418105e-06
316,2008,Diabetes mellitus,1.1809150602698005e-05
317,2009,Diabetes mellitus,2.3480033050732384e-05
318,2010,Diabetes mellitus,2.9964745895127726e-05
319,2011,Diabetes mellitus,5.2771677817974776e-05
320,2012,Diabetes mellitus,8.30660417026534e-05
321,2013,Diabetes mellitus,0.00011756515740837261
322,2014,Diabetes mellitus,0.00015992460196148205
323,2015,Diabetes mellitus,0.00020118075344346498
324,2016,Diabetes mellitus,0.0002520655837226224
325,2017,Diabetes mellitus,0.0002997872241735002
326,2018,Diabetes mellitus,0.0003442784421427065
327,2019,Diabetes mellitus,0.00038687607701047176
328,1990,Chronic kidney disease,-0.00034922736984153513
329,1991,Chronic kidney disease,-0.00033358795371891655
330,1992,Chronic kidney disease,-0.0003020768235427443
331,1993,Chronic kidney disease,-0.00028382030069080315
332,1994,Chronic kidney disease,-0.0002740354959230595
333,1995,Chronic kidney disease,-0.0002297165389305864
334,1996,Chronic kidney disease,-0.00018914735478718224
335,1997,Chronic kidney disease,-0.00014914039496869889
336,1998,Chronic kidney disease,-0.00011401785378429403
337,1999,Chronic kidney disease,-8.977282550652783e-05
338,2000,Chronic kidney disease,-6.256930347302162e-05
339,2001,Chronic kidney disease,-4.123415482946676e-05
340,2002,Chronic kidney disease,-2.4567537962688797e-05
341,2003,Chronic kidney disease,-1.165091946339809e-05
342,2004,Chronic kidney disease,-5.488463878267991e-06
343,2005,Chronic kidney disease,-3.175024832852906e-07
344,2006,Chronic kidney disease,1.4105667439957023e-06
345,2007,Chronic kidney disease,8.008818120744702e-06
346,2008,Chronic kidney disease,1.7410825831422924e-05
347,2009,Chronic kidney disease,3.707770309038577e-05
348,2010,Chronic kidney disease,5.4109401166903834e-05
349,2011,Chronic kidney disease,8.802205441298789e-05
350,2012,Chronic kidney disease,0.00012058521856123626
351,2013,Chronic kidney disease,0.0001591788269286196
352,2014,Chronic kidney disease,0.000194818063879613
353,2015,Chronic kidney disease,0.00023331576144325393
354,2016,Chronic kidney disease,0.00027593543783039753
355,2017,Chronic kidney disease,0.00030139082467243094
356,2018,Chronic kidney disease,0.00033115757220928115
357,2019,Chronic kidney disease,0.00036162216790956367
358,1990,Drowning,0.0002450540389961457
359,1991,Drowning,0.00021156004460132086
360,1992,Drowning,0.00018134721755541238
361,1993,Drowning,0.00015947592058198788
362,1994,Drowning,0.0001327358408122057
363,1995,Drowning,0.00012007946938693875
364,1996,Drowning,9.025755063722999e-05
365,1997,Drowning,6.798862789537084e-05
366,1998,Drowning,5.347327675061706e-05
367,1999,Drowning,3.425896810615336e-05
368,2000,Drowning,2.11479673883392e-05
369,2001,Drowning,1.009526101363462e-05
370,2002,Drowning,1.93282086734428e-06
371,2003,Drowning,-5.0762305083241696e-08
372,2004,Drowning,-1.7894826739235544e-06
373,2005,Drowning,-4.48662316422462e-06
374,2006,Drowning,-1.1269613315873894e-05
375,2007,Drowning,-1.8174821897587348e-05
376,2008,Drowning,-2.9586668657471905e-05
377,2009,Drowning,-3.810313839575048e-05
378,2010,Drowning,-5.152274632947096e-05
379,2011,Drowning,-6.819077048197595e-05
380,2012,Drowning,-8.093845475202555e-05
381,2013,Drowning,-0.00010403691429071774
382,2014,Drowning,-0.000129117206950179
383,2015,Drowning,-0.0001487799683947351
384,2016,Drowning,-0.0001716626409814289
385,2017,Drowning,-0.0002007734026423032
386,2018,Drowning,-0.00021781923485178283
387,2019,Drowning,-0.0002421406688674219
388,1990,Meningitis,0.00015071755666850575
389,1991,Meningitis,0.00013003829315701382
390,1992,Meningitis,0.00011697066843885915
391,1993,Meningitis,9.220636692925071e-05
392,1994,Meningitis,6.45568389386229e-05
393,1995,Meningitis,5.857123597405008e-05
394,1996,Meningitis,6.805115769334283e-05
395,1997,Meningitis,4.040678560498655e-05
396,1998,Meningitis,2.7962354189112963e-05
397,1999,Meningitis,2.0179774035975232e-05
398,2000,Meningitis,1.4182863221799929e-05
399,2001,Meningitis,8.421284377236216e-06
400,2002,Meningitis,3.074974885679797e-06
401,2003,Meningitis,1.615572391819466e-06
402,2004,Meningitis,2.9886635817454125e-07
403,2005,Meningitis,3.5539431809202245e-08
404,2007,Meningitis,-4.300708653127508e-07
405,2008,Meningitis,-4.186406549511467e-06
406,2009,Meningitis,-6.621811761562107e-06
407,2010,Meningitis,-1.586178841433717e-05
408,2011,Meningitis,-2.9822710213171734e-05
409,2012,Meningitis,-4.823264472513704e-05
410,2013,Meningitis,-6.918991242858494e-05
411,2014,Meningitis,-9.087875543779681e-05
412,2015,Meningitis,-0.000127901338341922
413,2016,Meningitis,-0.00015210148300545537
414,2017,Meningitis,-0.0001922967635112873
415,2018,Meningitis,-0.00023293940173202974
416,2019,Meningitis,-0.00026673571956460347
417,1990,Parkinson's disease,-9.301352767806902e-05
418,1991,Parkinson's disease,-8.711454645168686e-05
419,1992,Parkinson's disease,-7.930796795080466e-05
420,1993,Parkinson's disease,-7.153968213404431e-05
421,1994,Parkinson's disease,-6.999617812039822e-05
422,1995,Parkinson's disease,-5.892332137670883e-05
423,1996,Parkinson's disease,-4.917983024360916e-05
424,1997,Parkinson's disease,-4.087064804243328e-05
425,1998,Parkinson's disease,-3.341780513399381e-05
426,1999,Parkinson's disease,-2.7008038718301158e-05
427,2000,Parkinson's disease,-1.979530228197321e-05
428,2001,Parkinson's disease,-1.2968495846160438e-05
429,2002,Parkinson's disease,-7.485377263048303e-06
430,2003,Parkinson's disease,-3.674487278488561e-06
431,2004,Parkinson's disease,-1.8040478009083714e-06
432,2005,Parkinson's disease,-1.550181148336088e-07
433,2006,Parkinson's disease,2.2741815210044914e-07
434,2007,Parkinson's disease,1.8863711084331973e-06
435,2008,Parkinson's disease,4.726647716238455e-06
436,2009,Parkinson's disease,1.0024882002716249e-05
437,2010,Parkinson's disease,1.4531827020977417e-05
438,2011,Parkinson's disease,2.2610063841840508e-05
439,2012,Parkinson's disease,3.132900863495096e-05
440,2013,Parkinson's disease,4.242196616746353e-05
441,2014,Parkinson's disease,5.3360653096225935e-05
442,2015,Parkinson's disease,6.16769349585872e-05
443,2016,Parkinson's disease,7.164386203680601e-05
444,2017,Parkinson's disease,8.176138016059134e-05
445,2018,Parkinson's disease,9.489363323252195e-05
446,2019,Parkinson's disease,0.0001064817125526064
447,1990,Acute hepatitis,8.176094099131661e-05
448,1991,Acute hepatitis,7.315354232864722e-05
449,1992,Acute hepatitis,6.51411499381924e-05
450,1993,Acute hepatitis,5.442349184307918e-05
451,1994,Acute hepatitis,4.14986090052611e-05
452,1995,Acute hepatitis,3.711628474801197e-05
453,1996,Acute hepatitis,2.9377651839433992e-05
454,1997,Acute hepatitis,2.4970655416134722e-05
455,1998,Acute hepatitis,1.955223718275303e-05
456,1999,Acute hepatitis,1.38417200601443e-05
457,2000,Acute hepatitis,9.366535167166189e-06
458,2001,Acute hepatitis,5.0835545940601615e-06
459,2002,Acute hepatitis,1.3534618820435022e-06
460,2003,Acute hepatitis,6.981497656749245e-08
461,2004,Acute hepatitis,-3.934888485113986e-08
462,2005,Acute hepatitis,-7.373913878980837e-08
463,2006,Acute hepatitis,-6.181023049286615e-07
464,2007,Acute hepatitis,-2.3867513872051146e-06
465,2008,Acute hepatitis,-5.609576804447582e-06
466,2009,Acute hepatitis,-9.613557159339557e-06
467,2010,Acute hepatitis,-1.4924574995189925e-05
468,2011,Acute hepatitis,-1.9412394204533907e-05
469,2012,Acute hepatitis,-2.3392483910749046e-05
470,2013,Acute hepatitis,-3.6268661358977944e-05
471,2014,Acute hepatitis,-5.329541276128947e-05
472,2015,Acute hepatitis,-6.892491330111642e-05
473,2016,Acute hepatitis,-8.573755404642702e-05
474,2017,Acute hepatitis,-9.715703462527813e-05
475,2018,Acute hepatitis,-0.00010835995361237178
476,2019,Acute hepatitis,-0.00012093805517080029
477,1990,Maternal disorders,7.85084150468333e-05
478,1991,Maternal disorders,6.307308070594006e-05
479,1992,Maternal disorders,6.0023533935799035e-05
480,1993,Maternal disorders,4.25251629152417e-05
481,1994,Maternal disorders,3.284540028868814e-05
482,1995,Maternal disorders,2.953967989424407e-05
483,1996,Maternal disorders,2.505242731518022e-05
484,1997,Maternal disorders,2.4520635551524646e-05
485,1998,Maternal disorders,2.164974970678672e-05
486,1999,Maternal disorders,1.7547311433040353e-05
487,2000,Maternal disorders,1.3749758372693142e-05
488,2001,Maternal disorders,8.745925936382606e-06
489,2002,Maternal disorders,3.6279860878128017e-06
490,2003,Maternal disorders,9.314908892371317e-07
491,2004,Maternal disorders,1.2160715670239778e-07
492,2005,Maternal disorders,6.718721313414806e-09
493,2006,Maternal disorders,-1.7689232445498423e-07
494,2007,Maternal disorders,-1.6006748479719497e-06
495,2008,Maternal disorders,-4.838753769843373e-06
496,2009,Maternal disorders,-6.362515650483268e-06
497,2010,Maternal disorders,-1.1347786288626668e-05
498,2011,Maternal disorders,-1.5893705033242865e-05
499,2012,Maternal disorders,-2.5224380730732437e-05
500,2013,Maternal disorders,-3.218153485542275e-05
501,2014,Maternal disorders,-4.822740822925663e-05
502,2015,Maternal disorders,-6.527177713724864e-05
503,2016,Maternal disorders,-7.981793012213414e-05
504,2017,Maternal disorders,-9.506080678546916e-05
505,2018,Maternal disorders,-0.0001053505953064936
506,2019,Maternal disorders,-0.00011831374250726595
507,1990,Malaria,3.669021386619399e-05
508,1991,Malaria,4.391676468630838e-05
509,1992,Malaria,3.5007185480722346e-05
510,1993,Malaria,2.8736163807347153e-05
511,1994,Malaria,1.3296812542345463e-05
512,1995,Malaria,1.6993592869323708e-05
513,1996,Malaria,2.117612950356708e-05
514,1997,Malaria,3.0426912327397612e-05
515,1998,Malaria,3.104810641080865e-05
516,1999,Malaria,1.898515586887088e-05
517,2000,Malaria,9.681682531465039e-06
518,2001,Malaria,2.197182234296843e-05
519,2002,Malaria,2.620486226599455e-05
520,2003,Malaria,4.552031853839809e-05
521,2004,Malaria,4.314239793714041e-05
522,2005,Malaria,2.503510865178545e-05
523,2006,Malaria,2.78407218353273e-05
524,2007,Malaria,2.5970057809570116e-05
525,2008,Malaria,1.5350098308533915e-05
526,2009,Malaria,1.0387230840205126e-05
527,2010,Malaria,4.518782286842306e-06
528,2011,Malaria,-2.3043742142850852e-07
529,2012,Malaria,-2.2594967067467034e-05
530,2013,Malaria,-7.694803613261998e-05
531,2014,Malaria,-0.00012109467247833536
532,2015,Malaria,-0.0001708548608277728
533,2016,Malaria,-0.00027361562054757996
534,2017,Malaria,-0.00036770155762619414
535,2018,Malaria,-0.0003876884685359973
536,2019,Malaria,-0.000379826235190146
537,1990,Cirrhosis and other chronic liver diseases,-3.56065363651683e-05
538,1991,Cirrhosis and other chronic liver diseases,-3.4221488797760266e-05
539,1992,Cirrhosis and other chronic liver diseases,-2.9450655706580162e-05
540,1993,Cirrhosis and other chronic liver diseases,-2.4535581395837948e-05
541,1994,Cirrhosis and other chronic liver diseases,-2.570845017465335e-05
542,1995,Cirrhosis and other chronic liver diseases,-1.7343975760252504e-05
543,1996,Cirrhosis and other chronic liver diseases,-1.387880526738342e-05
544,1997,Cirrhosis and other chronic liver diseases,-1.1679605937914056e-05
545,1998,Cirrhosis and other chronic liver diseases,-1.0512394085714593e-05
546,1999,Cirrhosis and other chronic liver diseases,-9.488994527562776e-06
547,2000,Cirrhosis and other chronic liver diseases,-6.497730592679727e-06
548,2001,Cirrhosis and other chronic liver diseases,-3.0418505344618845e-06
549,2002,Cirrhosis and other chronic liver diseases,-8.788055310691219e-07
550,2004,Cirrhosis and other chronic liver diseases,3.367126946148631e-07
551,2005,Cirrhosis and other chronic liver diseases,2.82630559473443e-06
552,2006,Cirrhosis and other chronic liver diseases,5.051531920270095e-06
553,2007,Cirrhosis and other chronic liver diseases,7.654656263016157e-06
554,2008,Cirrhosis and other chronic liver diseases,8.284782951315276e-06
555,2009,Cirrhosis and other chronic liver diseases,1.0035499563255598e-05
556,2010,Cirrhosis and other chronic liver diseases,8.88544710292053e-06
557,2011,Cirrhosis and other chronic liver diseases,1.1665692617205564e-05
558,2012,Cirrhosis and other chronic liver diseases,1.185761090788124e-05
559,2013,Cirrhosis and other chronic liver diseases,1.0444679592252939e-05
560,2014,Cirrhosis and other chronic liver diseases,8.950708354558685e-06
561,2015,Cirrhosis and other chronic liver diseases,1.0811265153410515e-05
562,2016,Cirrhosis and other chronic liver diseases,1.2977486506862961e-05
563,2017,Cirrhosis and other chronic liver diseases,1.662453691137259e-05
564,2018,Cirrhosis and other chronic liver diseases,1.7134990670384623e-05
565,2019,Cirrhosis and other chronic liver diseases,1.7262885816865048e-05
566,1990,Drug use disorders,-3.0310553648109346e-05
567,1991,Drug use disorders,-1.7476183577765206e-05
568,1992,Drug use disorders,-9.523166472729966e-06
569,1993,Drug use disorders,-4.862803144896585e-06
570,1994,Drug use disorders,-1.9563193976152824e-06
571,1998,Drug use disorders,9.394654752671096e-09
572,2000,Drug use disorders,4.61246947999936e-07
573,2002,Drug use disorders,-4.301369833359709e-07
574,2003,Drug use disorders,-1.5920442857822838e-06
575,2004,Drug use disorders,-2.0174268333975293e-06
576,2005,Drug use disorders,-7.30608480923618e-07
577,2006,Drug use disorders,-4.985586353093887e-07
578,2007,Drug use disorders,-3.8410322758031097e-07
579,2008,Drug use disorders,-3.7476387095361914e-07
580,2009,Drug use disorders,-2.9873357464131514e-07
581,2010,Drug use disorders,-2.6795721860078294e-07
582,2013,Drug use disorders,3.3797945333136764e-07
583,2014,Drug use disorders,1.8565995314107672e-06
584,2015,Drug use disorders,5.177575885771329e-06
585,2016,Drug use disorders,1.1740462427530478e-05
586,2017,Drug use disorders,1.7580676914824735e-05
587,2018,Drug use disorders,2.2131305636310825e-05
588,2019,Drug use disorders,2.7236512235616426e-05
589,1990,Alcohol use disorders,-2.2310417722881887e-05
590,1991,Alcohol use disorders,-1.4960069530761986e-05
591,1992,Alcohol use disorders,-5.898107851758384e-06
592,1994,Alcohol use disorders,1.397547194047154e-07
593,1995,Alcohol use disorders,6.881764220369296e-07
594,1996,Alcohol use disorders,4.838770842197483e-07
595,1997,Alcohol use disorders,1.3258316928977637e-07
596,1998,Alcohol use disorders,8.551735982059984e-08
597,1999,Alcohol use disorders,4.340874320153321e-07
598,2000,Alcohol use disorders,1.6536935365053443e-06
599,2001,Alcohol use disorders,3.278439344733735e-06
600,2002,Alcohol use disorders,4.872470133918778e-06
601,2003,Alcohol use disorders,6.780483920069719e-06
602,2004,Alcohol use disorders,7.426466117210848e-06
603,2005,Alcohol use disorders,7.624647032473166e-06
604,2006,Alcohol use disorders,5.219358307023461e-06
605,2007,Alcohol use disorders,2.9236311743240816e-06
606,2008,Alcohol use disorders,1.1064429000081716e-06
607,2009,Alcohol use disorders,1.9896526300792824e-07
608,2011,Alcohol use disorders,-3.5556205312939606e-07
609,2012,Alcohol use disorders,-9.617851833018334e-07
610,2013,Alcohol use disorders,-1.480377433246711e-06
611,2014,Alcohol use disorders,-1.7079617662522667e-06
612,2015,Alcohol use disorders,-1.8671004563418e-06
613,2016,Alcohol use disorders,-1.9301033376236857e-06
614,2017,Alcohol use disorders,-2.2864219800555378e-06
615,1990,Digestive diseases,-1.6804412414894807e-05
616,1991,Digestive diseases,-1.6781045134684402e-05
617,1992,Digestive diseases,-1.3470295438524466e-05
618,1993,Digestive diseases,-1.1954854418498302e-05
619,1994,Digestive diseases,-1.6893762102159946e-05
620,1995,Digestive diseases,-1.1302395319413199e-05
621,1996,Digestive diseases,-9.845855508081448e-06
622,1997,Digestive diseases,-8.776360313486999e-06
623,1998,Digestive diseases,-9.049741591827675e-06
624,1999,Digestive diseases,-9.489006847834152e-06
625,2000,Digestive diseases,-7.466304149660399e-06
626,2001,Digestive diseases,-4.641288601041718e-06
627,2002,Digestive diseases,-2.4853981280199594e-06
628,2003,Digestive diseases,-5.78870012151074e-07
629,2004,Digestive diseases,-3.062043924211943e-07
630,2005,Digestive diseases,2.7635387736970436e-07
631,2006,Digestive diseases,1.4426339432926808e-06
632,2007,Digestive diseases,2.956484293399359e-06
633,2008,Digestive diseases,3.0188643876346882e-06
634,2009,Digestive diseases,4.481490149900946e-06
635,2010,Digestive diseases,3.6343829059975173e-06
636,2011,Digestive diseases,6.9624880474857855e-06
637,2012,Digestive diseases,7.926599677489528e-06
638,2013,Digestive diseases,8.852980142208555e-06
639,2014,Digestive diseases,8.75356281743872e-06
640,2015,Digestive diseases,1.1983295384157479e-05
641,2016,Digestive diseases,1.5596870821897872e-05
642,2017,Digestive diseases,2.1091360974581056e-05
643,2018,Digestive diseases,2.1673606059081875e-05
644,2019,Digestive diseases,2.2328955271879673e-05
645,1990,Conflict and terrorism,1.2464047936864772e-05
646,1991,Conflict and terrorism,-9.382036531283436e-06
647,1992,Conflict and terrorism,-7.427994202463507e-05
648,1993,Conflict and terrorism,-7.577042521528997e-05
649,1994,Conflict and terrorism,0.0027307022543669266
650,1995,Conflict and terrorism,-6.326230649197342e-05
651,1996,Conflict and terrorism,-1.220946021923252e-05
652,1997,Conflict and terrorism,-1.4484993087563591e-06
653,1998,Conflict and terrorism,2.2173491891515278e-07
654,1999,Conflict and terrorism,3.556748242185566e-05
655,2000,Conflict and terrorism,4.299721395256174e-06
656,2001,Conflict and terrorism,-7.620508500872373e-05
657,2002,Conflict and terrorism,-8.184172180247497e-05
658,2003,Conflict and terrorism,-6.490560757049037e-05
659,2004,Conflict and terrorism,-6.799438981213422e-05
660,2005,Conflict and terrorism,-0.0001189545559935626
661,2006,Conflict and terrorism,-5.4358159916347265e-05
662,2007,Conflict and terrorism,-6.597606670711361e-05
663,2008,Conflict and terrorism,-9.652683129023477e-05
664,2009,Conflict and terrorism,-6.702306679600036e-05
665,2010,Conflict and terrorism,-0.00015348552865209814
666,2011,Conflict and terrorism,-0.00010679744597024847
667,2012,Conflict and terrorism,-1.2979699703718562e-07
668,2014,Conflict and terrorism,0.00012153249334294683
669,2015,Conflict and terrorism,6.115513674923186e-05
670,2016,Conflict and terrorism,4.651899651273133e-05
671,2017,Conflict and terrorism,3.588647321582384e-06
672,2018,Conflict and terrorism,-9.286274483025764e-06
673,2019,Conflict and terrorism,-0.00013005614194699032
674,1990,"Fire, heat, and hot substances",8.877114797712477e-06
675,1991,"Fire, heat, and hot substances",8.123060129942614e-06
676,1992,"Fire, heat, and hot substances",8.051873457998009e-06
677,1993,"Fire, heat, and hot substances",8.515639715997523e-06
678,1994,"Fire, heat, and hot substances",7.827601564318397e-06
679,1995,"Fire, heat, and hot substances",6.819107730838211e-06
680,1996,"Fire, heat, and hot substances",5.025142182584418e-06
681,1997,"Fire, heat, and hot substances",3.926238520319357e-06
682,1998,"Fire, heat, and hot substances",2.3391411061226013e-06
683,1999,"Fire, heat, and hot substances",2.143076016787181e-06
684,2000,"Fire, heat, and hot substances",1.9877050227231716e-06
685,2001,"Fire, heat, and hot substances",1.485187055773252e-06
686,2002,"Fire, heat, and hot substances",7.022041394588578e-07
687,2003,"Fire, heat, and hot substances",5.964729284747689e-07
688,2004,"Fire, heat, and hot substances",1.0656267616312466e-07
689,2005,"Fire, heat, and hot substances",9.138780757013111e-08
690,2006,"Fire, heat, and hot substances",-1.5883345685564927e-08
691,2007,"Fire, heat, and hot substances",-1.9863691181307524e-07
692,2008,"Fire, heat, and hot substances",-8.769589492073438e-07
693,2009,"Fire, heat, and hot substances",-1.4760839781160573e-06
694,2010,"Fire, heat, and hot substances",-2.4858921633388664e-06
695,2011,"Fire, heat, and hot substances",-3.4919948470286477e-06
696,2012,"Fire, heat, and hot substances",-4.929326513714388e-06
697,2013,"Fire, heat, and hot substances",-5.758839941152216e-06
698,2014,"Fire, heat, and hot substances",-8.042899041594415e-06
699,2015,"Fire, heat, and hot substances",-9.290900950967884e-06
700,2016,"Fire, heat, and hot substances",-1.0798476286471187e-05
701,2017,"Fire, heat, and hot substances",-1.2759990978179363e-05
702,2018,"Fire, heat, and hot substances",-1.286638758299808e-05
703,2019,"Fire, heat, and hot substances",-1.430509274781799e-05
704,1990,Self-harm,6.285502714596051e-06
705,1991,Self-harm,8.097222611623404e-06
706,1992,Self-harm,1.3238377316193586e-05
707,1993,Self-harm,1.832871334892861e-05
708,1994,Self-harm,2.3586475354387283e-05
709,1995,Self-harm,2.949921919225202e-05
710,1996,Self-harm,2.358571580270629e-05
711,1997,Self-harm,2.1188162862475894e-05
712,1998,Self-harm,2.13468978521031e-05
713,1999,Self-harm,2.176798714477327e-05
714,2000,Self-harm,1.672998296416194e-05
715,2001,Self-harm,6.055261936851314e-06
716,2002,Self-harm,1.5353864512775183e-06
717,2003,Self-harm,1.4645916155963952e-06
718,2004,Self-harm,1.6889367284795209e-06
719,2005,Self-harm,2.147133401717927e-06
720,2006,Self-harm,7.237139655924709e-07
721,2008,Self-harm,-1.0216370418580153e-06
722,2009,Self-harm,-2.463960502650987e-06
723,2010,Self-harm,-4.92505864970312e-06
724,2011,Self-harm,-7.285495782336513e-06
725,2012,Self-harm,-1.284668315305903e-05
726,2013,Self-harm,-2.2168597089918343e-05
727,2014,Self-harm,-3.351367483791828e-05
728,2015,Self-harm,-4.244031221088001e-05
729,2016,Self-harm,-4.849298422049202e-05
730,2017,Self-harm,-5.403414789359169e-05
731,2018,Self-harm,-5.3190546557787145e-05
732,2019,Self-harm,-6.080856613022547e-05
733,1990,Poisonings,5.488081701099186e-06
734,1991,Poisonings,4.317130324944026e-06
735,1992,Poisonings,4.163775521087663e-06
736,1993,Poisonings,4.298666197588203e-06
737,1994,Poisonings,3.388778892654369e-06
738,1995,Poisonings,2.993763813093818e-06
739,1996,Poisonings,1.8522395224688503e-06
740,1997,Poisonings,8.256425000303312e-07
741,1998,Poisonings,3.714177347054528e-07
742,1999,Poisonings,2.7147903806788487e-07
743,2001,Poisonings,4.1887456340994073e-07
744,2002,Poisonings,3.3980920666108153e-07
745,2003,Poisonings,4.130519472992836e-07
746,2004,Poisonings,5.341687658287506e-07
747,2005,Poisonings,5.707361451853567e-07
748,2006,Poisonings,1.4120131705946768e-07
749,2007,Poisonings,4.918110524307882e-09
750,2010,Poisonings,-1.8626156846225102e-07
751,2011,Poisonings,-5.466207117581642e-07
752,2012,Poisonings,-1.2335585674333544e-06
753,2013,Poisonings,-2.030875307572706e-06
754,2014,Poisonings,-3.5217653938613775e-06
755,2015,Poisonings,-5.182768300462251e-06
756,2016,Poisonings,-6.983450405678178e-06
757,2017,Poisonings,-9.544311614330194e-06
758,2018,Poisonings,-1.1983752001834146e-05
759,2019,Poisonings,-1.4707095729052025e-05
760,1990,Road injuries ,4.662873787957683e-06
761,1991,Road injuries ,2.4977466295979505e-06
762,1992,Road injuries ,2.2063630004021833e-06
763,1993,Road injuries ,1.2098182250680034e-06
764,1994,Road injuries ,3.402582570662452e-07
765,1995,Road injuries ,1.2615146111528855e-06
766,1996,Road injuries ,8.360813640534241e-07
767,1997,Road injuries ,6.54323905643488e-07
768,1998,Road injuries ,4.95680983491332e-07
769,1999,Road injuries ,7.436068520259224e-07
770,2000,Road injuries ,1.5772081009341919e-06
771,2001,Road injuries ,2.084479921649258e-06
772,2002,Road injuries ,2.076835521781236e-06
773,2003,Road injuries ,3.001306615912707e-06
774,2004,Road injuries ,4.028388584883505e-06
775,2005,Road injuries ,4.9387710538133125e-06
776,2006,Road injuries ,5.561610868371196e-06
777,2007,Road injuries ,6.6210172864015885e-06
778,2008,Road injuries ,5.342826036894299e-06
779,2009,Road injuries ,6.0651509035295034e-06
780,2010,Road injuries ,2.5813371731372103e-06
781,2011,Road injuries ,1.062792833568841e-06
782,2012,Road injuries ,1.7493331876228366e-08
783,2013,Road injuries ,-2.391218315881484e-06
784,2014,Road injuries ,-8.753998966982122e-06
785,2015,Road injuries ,-1.9151630723247305e-05
786,2016,Road injuries ,-2.9087454110425818e-05
787,2017,Road injuries ,-3.876628092350221e-05
788,2018,Road injuries ,-4.518875452726287e-05
789,2019,Road injuries ,-5.856591122098203e-05
790,1990,Exposure to forces of nature,2.8506212540802925e-06
791,1991,Exposure to forces of nature,0.0005341802514517817
792,1992,Exposure to forces of nature,-0.00016815537709368383
793,1993,Exposure to forces of nature,-7.464687081641712e-05
794,1994,Exposure to forces of nature,-0.00016517650680935588
795,1995,Exposure to forces of nature,-9.559482431954243e-05
796,1996,Exposure to forces of nature,-0.00013900035509671935
797,1997,Exposure to forces of nature,-0.00010920066196257774
798,1999,Exposure to forces of nature,2.7962346185068514e-05
799,2000,Exposure to forces of nature,-0.00023034156564481282
800,2001,Exposure to forces of nature,-3.8128266694266455e-05
801,2002,Exposure to forces of nature,-0.00023327135106364453
802,2003,Exposure to forces of nature,-1.8776618960696063e-05
803,2004,Exposure to forces of nature,0.0010008328779990319
804,2005,Exposure to forces of nature,7.626267272395202e-05
805,2006,Exposure to forces of nature,-0.00010048911434005462
806,2007,Exposure to forces of nature,-0.00013564061086972286
807,2008,Exposure to forces of nature,0.000924935679607429
808,2009,Exposure to forces of nature,-0.00020291763919913218
809,2010,Exposure to forces of nature,0.0009520466644255532
810,2011,Exposure to forces of nature,-3.364348908181257e-05
811,2012,Exposure to forces of nature,-0.00023772908122137847
812,2013,Exposure to forces of nature,-5.7866262369059914e-05
813,2014,Exposure to forces of nature,-0.00026830456706848887
814,2015,Exposure to forces of nature,-0.00015025641869299621
815,2016,Exposure to forces of nature,-0.0002479672804831818
816,2017,Exposure to forces of nature,-0.00018013487334351055
817,2018,Exposure to forces of nature,-0.00021286818512837867
818,2019,Exposure to forces of nature,-0.00030382674799311546
819,1990,Interpersonal violence,-4.803286984457155e-07
820,1992,Interpersonal violence,4.038176739073291e-06
821,1993,Interpersonal violence,1.487496926071472e-05
822,1994,Interpersonal violence,1.4560093633227361e-05
823,1995,Interpersonal violence,1.6275717304021955e-05
824,1996,Interpersonal violence,7.922112323863965e-06
825,1997,Interpersonal violence,3.988725942015935e-06
826,1998,Interpersonal violence,4.398958668246723e-06
827,1999,Interpersonal violence,5.768811840491252e-06
828,2000,Interpersonal violence,8.747430546971992e-06
829,2001,Interpersonal violence,7.541027915028024e-06
830,2002,Interpersonal violence,1.0993897136009085e-05
831,2003,Interpersonal violence,2.9590702344374302e-06
832,2004,Interpersonal violence,1.0407297509659578e-06
833,2005,Interpersonal violence,1.302610000307416e-07
834,2006,Interpersonal violence,-8.656459730250972e-08
835,2007,Interpersonal violence,-1.0616744850898728e-06
836,2008,Interpersonal violence,-1.5871634937135866e-06
837,2009,Interpersonal violence,-1.2023578220132233e-06
838,2010,Interpersonal violence,-3.965578744240527e-06
839,2011,Interpersonal violence,-5.360036831576759e-06
840,2012,Interpersonal violence,-4.420066436211094e-06
841,2013,Interpersonal violence,-6.486702347650245e-06
842,2014,Interpersonal violence,-9.03874964315585e-06
843,2015,Interpersonal violence,-1.0024808701642162e-05
844,2016,Interpersonal violence,-1.4966908676062609e-05
845,2017,Interpersonal violence,-1.4221367530268614e-05
846,2018,Interpersonal violence,-1.6945760675204067e-05
847,2019,Interpersonal violence,-2.7761300965218033e-05
848,1990,Environmental heat and cold exposure,2.0299408758350813e-07
849,1991,Environmental heat and cold exposure,4.812243851294152e-07
850,1992,Environmental heat and cold exposure,2.0124995499144895e-06
851,1993,Environmental heat and cold exposure,8.379544663712538e-06
852,1994,Environmental heat and cold exposure,1.4751380807969869e-05
853,1995,Environmental heat and cold exposure,1.5360547897450583e-05
854,1996,Environmental heat and cold exposure,7.1955450247589955e-06
855,1997,Environmental heat and cold exposure,2.703415108678928e-06
856,1998,Environmental heat and cold exposure,3.115559708399338e-06
857,1999,Environmental heat and cold exposure,1.4653079617534906e-06
858,2000,Environmental heat and cold exposure,2.504857776176303e-06
859,2001,Environmental heat and cold exposure,3.1713232196427287e-06
860,2002,Environmental heat and cold exposure,5.558432753074901e-06
861,2003,Environmental heat and cold exposure,7.510390741226932e-06
862,2004,Environmental heat and cold exposure,2.468591061172388e-06
863,2005,Environmental heat and cold exposure,3.150956187384915e-06
864,2006,Environmental heat and cold exposure,9.020224544176545e-07
865,2007,Environmental heat and cold exposure,-5.926746843327911e-08
866,2008,Environmental heat and cold exposure,-8.621832682651025e-07
867,2009,Environmental heat and cold exposure,-2.5863091572706035e-06
868,2010,Environmental heat and cold exposure,-6.251724809355518e-07
869,2011,Environmental heat and cold exposure,-6.655626307687404e-06
870,2012,Environmental heat and cold exposure,-7.220803427198253e-06
871,2013,Environmental heat and cold exposure,-1.0774682386914324e-05
872,2014,Environmental heat and cold exposure,-1.2700920373634074e-05
873,2015,Environmental heat and cold exposure,-8.72182748124619e-06
874,2016,Environmental heat and cold exposure,-1.7419660787235995e-05
875,2017,Environmental heat and cold exposure,-2.1262370899312972e-05
876,2018,Environmental heat and cold exposure,-2.2939551314871283e-05
877,2019,Environmental heat and cold exposure,-2.16580299448157e-05
878,1991,Chronic respiratory diseases,9.669258416389543e-08
879,1993,Chronic respiratory diseases,2.6843331071235124e-06
880,1995,Chronic respiratory diseases,6.120621983020781e-07
881,1996,Chronic respiratory diseases,2.0475536400617767e-06
882,1997,Chronic respiratory diseases,3.616419510631163e-06
883,1998,Chronic respiratory diseases,2.5621514845758126e-06
884,1999,Chronic respiratory diseases,6.371747799609044e-07
885,2000,Chronic respiratory diseases,7.364213344168333e-07
886,2001,Chronic respiratory diseases,3.452851987100641e-07
887,2003,Chronic respiratory diseases,-8.318016999629186e-08
888,2004,Chronic respiratory diseases,-2.87567111406016e-06
889,2005,Chronic respiratory diseases,-3.104728146733856e-06
890,2006,Chronic respiratory diseases,-3.827271914098418e-06
891,2007,Chronic respiratory diseases,-3.699750336094167e-06
892,2008,Chronic respiratory diseases,-3.784481881735635e-06
893,2009,Chronic respiratory diseases,-3.419113580972863e-06
894,2010,Chronic respiratory diseases,-6.9671946550045475e-06
895,2011,Chronic respiratory diseases,-2.845135976820316e-06
896,2012,Chronic respiratory diseases,-2.2245469048681244e-06
897,2013,Chronic respiratory diseases,-3.3647975953467603e-07
898,2018,Chronic respiratory diseases,4.41294363467574e-06
899,2019,Chronic respiratory diseases,8.786391370947688e-06
